-- phpMyAdmin SQL Dump
-- version 4.7.7
-- https://www.phpmyadmin.net/
--
-- Host: localhost:3306
-- Generation Time: Dec 06, 2018 at 07:25 PM
-- Server version: 5.6.41-84.1
-- PHP Version: 5.6.30

SET SQL_MODE = "NO_AUTO_VALUE_ON_ZERO";
SET AUTOCOMMIT = 0;
START TRANSACTION;
SET time_zone = "+00:00";


/*!40101 SET @OLD_CHARACTER_SET_CLIENT=@@CHARACTER_SET_CLIENT */;
/*!40101 SET @OLD_CHARACTER_SET_RESULTS=@@CHARACTER_SET_RESULTS */;
/*!40101 SET @OLD_COLLATION_CONNECTION=@@COLLATION_CONNECTION */;
/*!40101 SET NAMES utf8mb4 */;

--
-- Database: `utexme_dbTestExamV1`
--

-- --------------------------------------------------------

--
-- Table structure for table `examenes`
--

CREATE TABLE `examenes` (
  `id` int(10) UNSIGNED NOT NULL,
  `Nombre` varchar(255) COLLATE utf8_unicode_ci NOT NULL,
  `Descripcion` varchar(255) CHARACTER SET utf8 DEFAULT NULL,
  `Activo` tinyint(1) NOT NULL DEFAULT '0',
  `created_at` timestamp NULL DEFAULT NULL,
  `updated_at` timestamp NULL DEFAULT NULL,
  `Minutos` int(10) NOT NULL DEFAULT '30',
  `OrdenPreguntasFijo` tinyint(1) NOT NULL DEFAULT '0'
) ENGINE=InnoDB DEFAULT CHARSET=utf8 COLLATE=utf8_unicode_ci;

--
-- Dumping data for table `examenes`
--

INSERT INTO `examenes` (`id`, `Nombre`, `Descripcion`, `Activo`, `created_at`, `updated_at`, `Minutos`, `OrdenPreguntasFijo`) VALUES
(8, 'HTML5 with JavaScript and CSS3', 'Programming in HTML5 with JavaScript and CSS3', 1, '2017-05-05 02:57:07', '2017-05-05 05:12:09', 120, 1),
(9, 'HTML5 with JavaScript and CSS3  - Reloaded', 'Programming in HTML5 with JavaScript and CSS3', 1, '2017-05-22 02:20:02', '2017-05-22 02:20:02', 120, 1),
(10, 'Diplomado Administracion Oracle - Mod I y II', 'Examen Diplomado Administracion de Oracle - Modulos I y II - Prof. Leando Fondeur', 1, '2017-08-26 02:46:41', '2017-08-26 02:46:41', 60, 1);

-- --------------------------------------------------------

--
-- Table structure for table `migrations`
--

CREATE TABLE `migrations` (
  `migration` varchar(255) COLLATE utf8_unicode_ci NOT NULL,
  `batch` int(11) NOT NULL
) ENGINE=InnoDB DEFAULT CHARSET=utf8 COLLATE=utf8_unicode_ci;

--
-- Dumping data for table `migrations`
--

INSERT INTO `migrations` (`migration`, `batch`) VALUES
('2014_10_12_000000_create_users_table', 1),
('2014_10_12_100000_create_password_resets_table', 1),
('2017_04_07_012857_create_tomarexamendetalles_table', 1),
('2017_04_07_180512_create_tomarexamen_table', 1),
('2017_04_07_181012_create_examenes_table ', 1),
('2017_04_07_191012_create_preguntas_table', 1),
('2017_04_07_201012_create_opciones_table', 1),
('2017_04_28_201013_create_acl_tables', 2);

-- --------------------------------------------------------

--
-- Table structure for table `opciones`
--

CREATE TABLE `opciones` (
  `id` int(10) UNSIGNED NOT NULL,
  `Nombre` varchar(255) COLLATE utf8_unicode_ci DEFAULT NULL,
  `Descripcion` varchar(255) CHARACTER SET utf8 DEFAULT NULL,
  `Imagen` varchar(255) CHARACTER SET utf8 DEFAULT NULL,
  `Activo` tinyint(1) NOT NULL DEFAULT '0',
  `Correcto` tinyint(1) NOT NULL DEFAULT '0',
  `created_at` timestamp NULL DEFAULT NULL,
  `updated_at` timestamp NULL DEFAULT NULL,
  `PreguntaId` int(10) NOT NULL,
  `ImagenEdit` int(10) NOT NULL DEFAULT '0',
  `Codigo` varchar(50) COLLATE utf8_unicode_ci DEFAULT NULL
) ENGINE=InnoDB DEFAULT CHARSET=utf8 COLLATE=utf8_unicode_ci;

--
-- Dumping data for table `opciones`
--

INSERT INTO `opciones` (`id`, `Nombre`, `Descripcion`, `Imagen`, `Activo`, `Correcto`, `created_at`, `updated_at`, `PreguntaId`, `ImagenEdit`, `Codigo`) VALUES
(13, '', '', '/files/images/8/15/2O_20170504_231241.jpg', 1, 0, '2017-05-05 05:12:41', '2018-07-20 01:46:12', 15, 1, '1'),
(14, '', '', '/files/images/8/15/2O_20170504_231252.jpg', 1, 1, '2017-05-05 05:12:52', '2018-07-20 01:46:12', 15, 1, '2'),
(15, '', '', '/files/images/8/15/2O_20170504_231308.jpg', 1, 0, '2017-05-05 05:13:08', '2018-07-20 01:46:12', 15, 1, '3'),
(16, '', '', '/files/images/8/16/2O_20170507_130451.jpg', 1, 1, '2017-05-07 19:04:51', '2018-07-20 01:46:21', 16, 1, NULL),
(17, '', '', '/files/images/8/17/2O_20170507_130749.png', 1, 0, '2017-05-07 19:07:49', '2018-07-20 01:49:06', 17, 1, NULL),
(18, '', '', '/files/images/8/17/2O_20170507_130759.png', 1, 0, '2017-05-07 19:07:59', '2018-07-20 01:49:06', 17, 1, NULL),
(19, '', '', '/files/images/8/17/2O_20170507_130810.png', 1, 0, '2017-05-07 19:08:10', '2018-07-20 01:49:06', 17, 1, NULL),
(20, '', '', '/files/images/8/17/2O_20170507_130826.png', 1, 1, '2017-05-07 19:08:26', '2018-07-20 01:49:06', 17, 1, NULL),
(21, '', '', '/files/images/8/18/2O_20170507_141223.png', 1, 1, '2017-05-07 20:12:23', '2018-07-20 03:29:37', 18, 1, '1'),
(22, '', '', '/files/images/8/18/2O_20170507_141232.png', 1, 0, '2017-05-07 20:12:32', '2018-07-20 03:29:37', 18, 1, '2'),
(23, '', '', '/files/images/8/18/2O_20170507_141240.png', 1, 0, '2017-05-07 20:12:40', '2018-07-20 03:29:37', 18, 1, '3'),
(24, '', '', '/files/images/8/18/2O_20170507_141250.png', 1, 0, '2017-05-07 20:12:50', '2018-07-20 03:29:37', 18, 1, '4'),
(25, '', '', '/files/images/8/19/2O_20170507_143336.png', 1, 0, '2017-05-07 20:33:36', '2018-07-20 03:30:43', 19, 1, '1'),
(26, '', '', '/files/images/8/19/2O_20170507_143344.png', 1, 1, '2017-05-07 20:33:44', '2018-07-20 03:30:43', 19, 1, '2'),
(27, '', '', '/files/images/8/19/2O_20170507_143352.png', 1, 0, '2017-05-07 20:33:52', '2018-07-20 03:30:43', 19, 1, '3'),
(29, '', '', '/files/images/8/20/2O_20170520_171256.png', 1, 1, '2017-05-20 23:12:56', '2018-07-20 03:56:05', 20, 1, '1'),
(30, '', '', '/files/images/8/20/2O_20170520_171304.png', 1, 0, '2017-05-20 23:13:04', '2018-07-20 03:56:05', 20, 1, '2'),
(31, '', '', '/files/images/8/20/2O_20170520_171318.png', 1, 0, '2017-05-20 23:13:18', '2018-07-20 03:56:05', 20, 1, '3'),
(32, '', '', '/files/images/8/20/2O_20170520_171327.png', 1, 0, '2017-05-20 23:13:27', '2018-07-20 03:56:05', 20, 1, '4'),
(33, NULL, NULL, '/files/images/ExamenHTML/Pregunta1/1.png', 1, 1, '2017-05-22 02:23:52', '2018-08-17 20:22:53', 21, 1, '1'),
(34, NULL, NULL, '/files/images/ExamenHTML/Pregunta1/2.png', 1, 0, '2017-05-22 02:23:52', '2018-08-17 20:22:53', 21, 1, '2'),
(35, NULL, NULL, '/files/images/ExamenHTML/Pregunta1/3.png', 1, 0, '2017-05-22 02:23:52', '2018-08-17 20:22:53', 21, 1, '3'),
(36, NULL, NULL, '/files/images/ExamenHTML/Pregunta1/4.png', 1, 0, '2017-05-22 02:23:52', '2018-08-17 20:22:53', 21, 1, '4'),
(37, NULL, NULL, '/files/images/ExamenHTML/Pregunta2/1.png', 1, 1, '2017-05-22 02:23:52', '2018-08-17 20:23:12', 22, 1, '1'),
(38, NULL, NULL, '/files/images/ExamenHTML/Pregunta2/2.png', 1, 0, '2017-05-22 02:23:52', '2018-08-17 20:23:12', 22, 1, '2'),
(39, NULL, NULL, '/files/images/ExamenHTML/Pregunta2/3.png', 1, 0, '2017-05-22 02:23:52', '2018-08-17 20:23:12', 22, 1, '3'),
(40, NULL, NULL, '/files/images/ExamenHTML/Pregunta2/4.png', 1, 0, '2017-05-22 02:23:52', '2018-08-17 20:23:12', 22, 1, '4'),
(41, NULL, NULL, '/files/images/ExamenHTML/Pregunta3/1.png', 1, 0, '2017-05-22 02:23:52', '2018-08-17 20:23:32', 23, 1, '1'),
(42, NULL, NULL, '/files/images/ExamenHTML/Pregunta3/2.png', 1, 0, '2017-05-22 02:23:52', '2018-08-17 20:23:32', 23, 1, '2'),
(43, NULL, NULL, '/files/images/ExamenHTML/Pregunta3/3.png', 1, 0, '2017-05-22 02:23:52', '2018-08-17 20:23:32', 23, 1, '3'),
(44, NULL, NULL, '/files/images/ExamenHTML/Pregunta3/4.png', 1, 1, '2017-05-22 02:23:52', '2018-08-17 20:23:32', 23, 1, '4'),
(45, NULL, NULL, '/files/images/ExamenHTML/Pregunta4/1.png', 1, 1, '2017-05-22 02:23:52', '2018-08-17 20:23:41', 24, 1, '1'),
(46, NULL, NULL, '/files/images/ExamenHTML/Pregunta4/2.png', 1, 0, '2017-05-22 02:23:52', '2018-08-17 20:23:41', 24, 1, '2'),
(47, NULL, NULL, '/files/images/ExamenHTML/Pregunta4/3.png', 1, 0, '2017-05-22 02:23:52', '2018-08-17 20:23:41', 24, 1, '3'),
(48, NULL, NULL, '/files/images/ExamenHTML/Pregunta4/4.png', 1, 0, '2017-05-22 02:23:52', '2018-08-17 20:23:41', 24, 1, '4'),
(49, NULL, NULL, '/files/images/ExamenHTML/Pregunta5/1.png', 1, 0, '2017-05-22 02:23:52', '2018-08-17 20:23:51', 25, 1, '1'),
(50, NULL, NULL, '/files/images/ExamenHTML/Pregunta5/2.png', 1, 1, '2017-05-22 02:23:52', '2018-08-17 20:23:51', 25, 1, '2'),
(51, NULL, NULL, '/files/images/ExamenHTML/Pregunta5/3.png', 1, 0, '2017-05-22 02:23:52', '2018-08-17 20:23:51', 25, 1, '3'),
(52, NULL, NULL, '/files/images/ExamenHTML/Pregunta5/4.png', 1, 0, '2017-05-22 02:23:52', '2018-08-17 20:23:51', 25, 1, '4'),
(53, NULL, NULL, '/files/images/ExamenHTML/Pregunta6/1.png', 1, 1, '2017-05-22 02:23:52', '2018-08-17 20:24:24', 26, 1, '1'),
(54, NULL, NULL, '/files/images/ExamenHTML/Pregunta6/2.png', 1, 0, '2017-05-22 02:23:52', '2018-08-17 20:24:24', 26, 1, '2'),
(55, NULL, NULL, '/files/images/ExamenHTML/Pregunta6/3.png', 1, 0, '2017-05-22 02:23:52', '2018-08-17 20:24:24', 26, 1, '3'),
(56, NULL, NULL, '/files/images/ExamenHTML/Pregunta6/4.png', 1, 0, '2017-05-22 02:23:52', '2018-08-17 20:24:24', 26, 1, '4'),
(57, NULL, NULL, '/files/images/ExamenHTML/Pregunta7/1.png', 1, 0, '2017-05-22 02:23:52', '2018-08-17 20:24:39', 27, 1, '1'),
(58, NULL, NULL, '/files/images/ExamenHTML/Pregunta7/2.png', 1, 0, '2017-05-22 02:23:52', '2018-08-17 20:24:39', 27, 1, '2'),
(59, NULL, NULL, '/files/images/ExamenHTML/Pregunta7/3.png', 1, 1, '2017-05-22 02:23:52', '2018-08-17 20:24:39', 27, 1, '3'),
(60, NULL, NULL, '/files/images/ExamenHTML/Pregunta7/4.png', 1, 0, '2017-05-22 02:23:52', '2018-08-17 20:24:39', 27, 1, '4'),
(61, NULL, NULL, '/files/images/ExamenHTML/Pregunta8/1.png', 1, 0, '2017-05-22 02:23:52', '2018-08-17 20:25:04', 28, 1, '1'),
(62, NULL, NULL, '/files/images/ExamenHTML/Pregunta8/2.png', 1, 0, '2017-05-22 02:23:52', '2018-08-17 20:25:04', 28, 1, '2'),
(63, NULL, NULL, '/files/images/ExamenHTML/Pregunta8/3.png', 1, 1, '2017-05-22 02:23:52', '2018-08-17 20:25:04', 28, 1, '3'),
(64, NULL, NULL, '/files/images/ExamenHTML/Pregunta8/4.png', 1, 0, '2017-05-22 02:23:52', '2018-08-17 20:25:04', 28, 1, '4'),
(65, NULL, NULL, '/files/images/ExamenHTML/Pregunta9/1.png', 1, 1, '2017-05-22 02:23:52', '2018-08-17 20:25:19', 29, 1, '1'),
(66, NULL, NULL, '/files/images/ExamenHTML/Pregunta9/2.png', 1, 0, '2017-05-22 02:23:52', '2018-08-17 20:25:19', 29, 1, '2'),
(67, NULL, NULL, '/files/images/ExamenHTML/Pregunta9/3.png', 1, 0, '2017-05-22 02:23:52', '2018-08-17 20:25:19', 29, 1, '3'),
(68, NULL, NULL, '/files/images/ExamenHTML/Pregunta9/4.png', 1, 0, '2017-05-22 02:23:52', '2018-08-17 20:25:19', 29, 1, '4'),
(69, NULL, NULL, '/files/images/ExamenHTML/Pregunta10/1.png', 1, 1, '2017-05-22 02:23:52', '2018-08-17 20:25:39', 30, 1, '1'),
(70, NULL, NULL, '/files/images/ExamenHTML/Pregunta10/2.png', 1, 0, '2017-05-22 02:23:52', '2018-08-17 20:25:39', 30, 1, '2'),
(71, NULL, NULL, '/files/images/ExamenHTML/Pregunta10/3.png', 1, 0, '2017-05-22 02:23:52', '2018-08-17 20:25:39', 30, 1, '3'),
(72, NULL, NULL, '/files/images/ExamenHTML/Pregunta10/4.png', 1, 0, '2017-05-22 02:23:52', '2018-08-17 20:25:39', 30, 1, '4'),
(73, NULL, NULL, '/files/images/ExamenHTML/Pregunta11/1.png', 1, 1, '2017-05-22 02:23:52', '2018-08-17 20:25:58', 31, 1, '1'),
(74, NULL, NULL, '/files/images/ExamenHTML/Pregunta11/2.png', 1, 0, '2017-05-22 02:23:52', '2018-08-17 20:25:58', 31, 1, '2'),
(75, NULL, NULL, '/files/images/ExamenHTML/Pregunta11/3.png', 1, 0, '2017-05-22 02:23:52', '2018-08-17 20:25:58', 31, 1, '3'),
(76, NULL, NULL, '/files/images/ExamenHTML/Pregunta11/4.png', 1, 0, '2017-05-22 02:23:52', '2018-08-17 20:25:58', 31, 1, '4'),
(77, NULL, NULL, '/files/images/ExamenHTML/Pregunta12/1.png', 1, 1, '2017-05-22 02:23:52', '2018-08-17 20:28:38', 32, 1, '1'),
(78, NULL, NULL, '/files/images/ExamenHTML/Pregunta12/2.png', 1, 0, '2017-05-22 02:23:52', '2018-08-17 20:28:38', 32, 1, '2'),
(79, NULL, NULL, '/files/images/ExamenHTML/Pregunta12/3.png', 1, 0, '2017-05-22 02:23:52', '2018-08-17 20:28:38', 32, 1, '3'),
(80, NULL, NULL, '/files/images/ExamenHTML/Pregunta12/4.png', 1, 0, '2017-05-22 02:23:52', '2018-08-17 20:28:38', 32, 1, '4'),
(81, NULL, NULL, '/files/images/ExamenHTML/Pregunta13/1.png', 1, 1, '2017-05-22 02:23:52', '2018-08-17 20:28:53', 33, 1, '1'),
(82, NULL, NULL, '/files/images/ExamenHTML/Pregunta13/2.png', 1, 0, '2017-05-22 02:23:52', '2018-08-17 20:28:53', 33, 1, '2'),
(83, NULL, NULL, '/files/images/ExamenHTML/Pregunta13/3.png', 1, 0, '2017-05-22 02:23:52', '2018-08-17 20:28:53', 33, 1, '3'),
(84, NULL, NULL, '/files/images/ExamenHTML/Pregunta13/4.png', 1, 0, '2017-05-22 02:23:52', '2018-08-17 20:28:53', 33, 1, '4'),
(85, NULL, NULL, '/files/images/ExamenHTML/Pregunta14/1.png', 1, 1, '2017-05-22 02:23:52', '2018-08-17 20:29:13', 34, 1, '1'),
(86, NULL, NULL, '/files/images/ExamenHTML/Pregunta14/2.png', 1, 0, '2017-05-22 02:23:52', '2018-08-17 20:29:13', 34, 1, '2'),
(87, NULL, NULL, '/files/images/ExamenHTML/Pregunta14/3.png', 1, 0, '2017-05-22 02:23:52', '2018-08-17 20:29:13', 34, 1, '3'),
(88, NULL, NULL, '/files/images/ExamenHTML/Pregunta14/4.png', 1, 0, '2017-05-22 02:23:52', '2018-08-17 20:29:13', 34, 1, '4'),
(89, NULL, NULL, '/files/images/ExamenHTML/Pregunta15/1.png', 1, 1, '2017-05-22 02:23:52', '2018-08-17 20:29:43', 35, 1, '1'),
(90, NULL, NULL, '/files/images/ExamenHTML/Pregunta15/2.png', 1, 0, '2017-05-22 02:23:52', '2018-08-17 20:29:43', 35, 1, '2'),
(91, NULL, NULL, '/files/images/ExamenHTML/Pregunta15/3.png', 1, 0, '2017-05-22 02:23:52', '2018-08-17 20:29:43', 35, 1, '3'),
(92, NULL, NULL, '/files/images/ExamenHTML/Pregunta15/4.png', 1, 0, '2017-05-22 02:23:52', '2018-08-17 20:29:43', 35, 1, '4'),
(93, NULL, NULL, '/files/images/ExamenHTML/Pregunta16/1.png', 1, 1, '2017-05-22 02:23:52', '2018-08-17 20:32:11', 36, 1, '1'),
(94, NULL, NULL, '/files/images/ExamenHTML/Pregunta16/2.png', 1, 0, '2017-05-22 02:23:52', '2018-08-17 20:32:11', 36, 1, '2'),
(95, NULL, NULL, '/files/images/ExamenHTML/Pregunta16/3.png', 1, 0, '2017-05-22 02:23:52', '2018-08-17 20:32:11', 36, 1, '3'),
(96, NULL, NULL, '/files/images/ExamenHTML/Pregunta16/4.png', 1, 0, '2017-05-22 02:23:52', '2018-08-17 20:32:11', 36, 1, '4'),
(97, NULL, NULL, '/files/images/ExamenHTML/Pregunta17/1.png', 1, 1, '2017-05-22 02:23:52', '2018-08-17 20:32:29', 37, 1, '1'),
(98, NULL, NULL, '/files/images/ExamenHTML/Pregunta17/2.png', 1, 0, '2017-05-22 02:23:52', '2018-08-17 20:32:29', 37, 1, '2'),
(99, NULL, NULL, '/files/images/ExamenHTML/Pregunta17/3.png', 1, 0, '2017-05-22 02:23:52', '2018-08-17 20:32:29', 37, 1, '3'),
(100, NULL, NULL, '/files/images/ExamenHTML/Pregunta17/4.png', 1, 0, '2017-05-22 02:23:52', '2018-08-17 20:32:29', 37, 1, '4'),
(101, NULL, NULL, '/files/images/ExamenHTML/Pregunta18/1.png', 1, 1, '2017-05-22 02:23:52', '2018-08-17 20:33:52', 38, 1, '1'),
(102, NULL, NULL, '/files/images/ExamenHTML/Pregunta18/2.png', 1, 0, '2017-05-22 02:23:52', '2018-08-17 20:33:52', 38, 1, '2'),
(103, NULL, NULL, '/files/images/ExamenHTML/Pregunta18/3.png', 1, 0, '2017-05-22 02:23:52', '2018-08-17 20:33:52', 38, 1, '3'),
(104, NULL, NULL, '/files/images/ExamenHTML/Pregunta18/4.png', 1, 0, '2017-05-22 02:23:52', '2018-08-17 20:33:52', 38, 1, '4'),
(105, NULL, NULL, '/files/images/ExamenHTML/Pregunta19/1.png', 1, 1, '2017-05-22 02:23:52', '2018-08-17 20:34:05', 39, 1, '1'),
(106, NULL, NULL, '/files/images/ExamenHTML/Pregunta19/2.png', 1, 0, '2017-05-22 02:23:52', '2018-08-17 20:34:05', 39, 1, '2'),
(107, NULL, NULL, '/files/images/ExamenHTML/Pregunta19/3.png', 1, 0, '2017-05-22 02:23:52', '2018-08-17 20:34:05', 39, 1, '3'),
(108, NULL, NULL, '/files/images/ExamenHTML/Pregunta19/4.png', 1, 0, '2017-05-22 02:23:52', '2018-08-17 20:34:05', 39, 1, '4'),
(109, NULL, NULL, '/files/images/ExamenHTML/Pregunta20/1.png', 1, 1, '2017-05-22 02:23:52', '2018-08-17 20:40:08', 40, 1, '1'),
(110, NULL, NULL, '/files/images/ExamenHTML/Pregunta20/2.png', 1, 0, '2017-05-22 02:23:52', '2018-08-17 20:40:08', 40, 1, '2'),
(111, NULL, NULL, '/files/images/ExamenHTML/Pregunta20/3.png', 1, 0, '2017-05-22 02:23:52', '2018-08-17 20:40:08', 40, 1, '3'),
(112, NULL, NULL, '/files/images/ExamenHTML/Pregunta20/4.png', 1, 0, '2017-05-22 02:23:52', '2018-08-17 20:40:08', 40, 1, '4'),
(113, NULL, NULL, '/files/images/ExamenHTML/Pregunta21/1.png', 1, 1, '2017-05-22 02:23:52', '2018-08-17 21:29:29', 41, 1, '1'),
(114, NULL, NULL, '/files/images/ExamenHTML/Pregunta21/2.png', 1, 0, '2017-05-22 02:23:52', '2018-08-17 21:29:29', 41, 1, '2'),
(115, NULL, NULL, '/files/images/ExamenHTML/Pregunta21/3.png', 1, 0, '2017-05-22 02:23:52', '2018-08-17 21:29:29', 41, 1, '3'),
(116, NULL, NULL, '/files/images/ExamenHTML/Pregunta21/4.png', 1, 0, '2017-05-22 02:23:52', '2018-08-17 21:29:29', 41, 1, '4'),
(117, NULL, NULL, '/files/images/ExamenHTML/Pregunta22/1.png', 1, 1, '2017-05-22 02:23:52', '2018-08-17 21:30:27', 42, 1, '1'),
(118, NULL, NULL, '/files/images/ExamenHTML/Pregunta22/2.png', 1, 0, '2017-05-22 02:23:52', '2018-08-17 21:30:27', 42, 1, '2'),
(119, NULL, NULL, '/files/images/ExamenHTML/Pregunta22/3.png', 1, 0, '2017-05-22 02:23:52', '2018-08-17 21:30:27', 42, 1, '3'),
(120, NULL, NULL, '/files/images/ExamenHTML/Pregunta22/4.png', 1, 0, '2017-05-22 02:23:52', '2018-08-17 21:30:27', 42, 1, '4'),
(121, NULL, NULL, '/files/images/ExamenHTML/Pregunta23/1.png', 1, 0, '2017-05-22 02:23:52', '2018-08-17 21:45:09', 43, 1, '1'),
(122, NULL, NULL, '/files/images/ExamenHTML/Pregunta23/2.png', 1, 1, '2017-05-22 02:23:52', '2018-08-17 21:45:09', 43, 1, '2'),
(123, NULL, NULL, '/files/images/ExamenHTML/Pregunta23/3.png', 1, 0, '2017-05-22 02:23:52', '2018-08-17 21:45:09', 43, 1, '3'),
(124, NULL, NULL, '/files/images/ExamenHTML/Pregunta23/4.png', 1, 0, '2017-05-22 02:23:52', '2018-08-17 21:45:09', 43, 1, '4'),
(125, NULL, NULL, '/files/images/ExamenHTML/Pregunta24/1.png', 1, 0, '2017-05-22 02:23:52', '2018-08-17 21:47:28', 44, 1, '1'),
(126, NULL, NULL, '/files/images/ExamenHTML/Pregunta24/2.png', 1, 1, '2017-05-22 02:23:52', '2018-08-17 21:47:28', 44, 1, '2'),
(127, NULL, NULL, '/files/images/ExamenHTML/Pregunta24/3.png', 1, 0, '2017-05-22 02:23:52', '2018-08-17 21:47:28', 44, 1, '3'),
(128, NULL, NULL, '/files/images/ExamenHTML/Pregunta24/4.png', 1, 0, '2017-05-22 02:23:52', '2018-08-17 21:47:28', 44, 1, '4'),
(129, NULL, NULL, '/files/images/ExamenHTML/Pregunta25/1.png', 1, 1, '2017-05-22 02:23:52', '2018-08-17 21:56:02', 45, 1, '1'),
(130, NULL, NULL, '/files/images/ExamenHTML/Pregunta25/2.png', 1, 0, '2017-05-22 02:23:52', '2018-08-17 21:56:02', 45, 1, '2'),
(131, NULL, NULL, '/files/images/ExamenHTML/Pregunta25/3.png', 1, 0, '2017-05-22 02:23:52', '2018-08-17 21:56:02', 45, 1, '3'),
(132, NULL, NULL, '/files/images/ExamenHTML/Pregunta25/4.png', 1, 0, '2017-05-22 02:23:52', '2018-08-17 21:56:02', 45, 1, '4'),
(133, NULL, NULL, '/files/images/ExamenHTML/Pregunta26/1.png', 1, 1, '2017-05-22 02:23:52', '2018-08-17 21:58:27', 46, 1, '1'),
(134, NULL, NULL, '/files/images/ExamenHTML/Pregunta26/2.png', 1, 0, '2017-05-22 02:23:52', '2018-08-17 21:58:27', 46, 1, '2'),
(135, NULL, NULL, '/files/images/ExamenHTML/Pregunta26/3.png', 1, 0, '2017-05-22 02:23:52', '2018-08-17 21:58:27', 46, 1, '3'),
(136, NULL, NULL, '/files/images/ExamenHTML/Pregunta26/4.png', 1, 0, '2017-05-22 02:23:52', '2018-08-17 21:58:27', 46, 1, '4'),
(137, NULL, NULL, '/files/images/ExamenHTML/Pregunta27/1.png', 1, 0, '2017-05-22 02:23:52', '2018-08-17 22:00:27', 47, 1, '1'),
(138, NULL, NULL, '/files/images/ExamenHTML/Pregunta27/2.png', 1, 1, '2017-05-22 02:23:52', '2018-08-17 22:00:27', 47, 1, '2'),
(139, NULL, NULL, '/files/images/ExamenHTML/Pregunta27/3.png', 1, 0, '2017-05-22 02:23:52', '2018-08-17 22:00:27', 47, 1, '3'),
(140, NULL, NULL, '/files/images/ExamenHTML/Pregunta27/4.png', 1, 0, '2017-05-22 02:23:52', '2018-08-17 22:00:27', 47, 1, '4'),
(141, NULL, NULL, '/files/images/ExamenHTML/Pregunta28/1.png', 1, 1, '2017-05-22 02:23:52', '2018-08-17 22:05:38', 48, 1, '1'),
(142, NULL, NULL, '/files/images/ExamenHTML/Pregunta28/2.png', 1, 0, '2017-05-22 02:23:52', '2018-08-17 22:05:38', 48, 1, '2'),
(143, NULL, NULL, '/files/images/ExamenHTML/Pregunta28/3.png', 1, 0, '2017-05-22 02:23:52', '2018-08-17 22:05:38', 48, 1, '3'),
(144, NULL, NULL, '/files/images/ExamenHTML/Pregunta28/4.png', 1, 0, '2017-05-22 02:23:52', '2018-08-17 22:05:38', 48, 1, '4'),
(145, NULL, NULL, '/files/images/ExamenHTML/Pregunta29/1.png', 1, 1, '2017-05-22 02:23:52', '2017-05-22 02:23:52', 49, 1, '1'),
(146, NULL, NULL, '/files/images/ExamenHTML/Pregunta29/2.png', 1, 0, '2017-05-22 02:23:52', '2017-05-22 02:23:52', 49, 1, '2'),
(147, NULL, NULL, '/files/images/ExamenHTML/Pregunta29/3.png', 1, 0, '2017-05-22 02:23:52', '2017-05-22 02:23:52', 49, 1, '3'),
(148, NULL, NULL, '/files/images/ExamenHTML/Pregunta29/4.png', 1, 0, '2017-05-22 02:23:52', '2017-05-22 02:23:52', 49, 1, '4'),
(149, NULL, NULL, '/files/images/ExamenHTML/Pregunta30/1.png', 1, 1, '2017-05-22 02:23:52', '2017-05-22 02:23:52', 50, 1, '1'),
(150, NULL, NULL, '/files/images/ExamenHTML/Pregunta30/2.png', 1, 0, '2017-05-22 02:23:52', '2017-05-22 02:23:52', 50, 1, '2'),
(151, NULL, NULL, '/files/images/ExamenHTML/Pregunta30/3.png', 1, 0, '2017-05-22 02:23:52', '2017-05-22 02:23:52', 50, 1, '3'),
(152, NULL, NULL, '/files/images/ExamenHTML/Pregunta30/4.png', 1, 0, '2017-05-22 02:23:52', '2017-05-22 02:23:52', 50, 1, '4'),
(153, NULL, NULL, '/files/images/ExamenHTML/Pregunta31/1.png', 1, 1, '2017-05-22 02:23:52', '2017-05-22 02:23:52', 51, 1, '1'),
(154, NULL, NULL, '/files/images/ExamenHTML/Pregunta31/2.png', 1, 0, '2017-05-22 02:23:52', '2017-05-22 02:23:52', 51, 1, '2'),
(155, NULL, NULL, '/files/images/ExamenHTML/Pregunta31/3.png', 1, 0, '2017-05-22 02:23:52', '2017-05-22 02:23:52', 51, 1, '3'),
(156, NULL, NULL, '/files/images/ExamenHTML/Pregunta31/4.png', 1, 0, '2017-05-22 02:23:52', '2017-05-22 02:23:52', 51, 1, '4'),
(157, NULL, NULL, '/files/images/ExamenHTML/Pregunta32/1.png', 1, 1, '2017-05-22 02:23:52', '2017-05-22 02:23:52', 52, 1, '1'),
(158, NULL, NULL, '/files/images/ExamenHTML/Pregunta32/2.png', 1, 0, '2017-05-22 02:23:52', '2017-05-22 02:23:52', 52, 1, '2'),
(159, NULL, NULL, '/files/images/ExamenHTML/Pregunta32/3.png', 1, 0, '2017-05-22 02:23:52', '2017-05-22 02:23:52', 52, 1, '3'),
(160, NULL, NULL, '/files/images/ExamenHTML/Pregunta32/4.png', 1, 0, '2017-05-22 02:23:52', '2017-05-22 02:23:52', 52, 1, '4'),
(161, NULL, NULL, '/files/images/ExamenHTML/Pregunta33/1.png', 1, 1, '2017-05-22 02:23:52', '2017-05-22 02:23:52', 53, 1, '1'),
(162, NULL, NULL, '/files/images/ExamenHTML/Pregunta33/2.png', 1, 0, '2017-05-22 02:23:52', '2017-05-22 02:23:52', 53, 1, '2'),
(163, NULL, NULL, '/files/images/ExamenHTML/Pregunta33/3.png', 1, 0, '2017-05-22 02:23:52', '2017-05-22 02:23:52', 53, 1, '3'),
(164, NULL, NULL, '/files/images/ExamenHTML/Pregunta33/4.png', 1, 0, '2017-05-22 02:23:52', '2017-05-22 02:23:52', 53, 1, '4'),
(165, NULL, NULL, '/files/images/ExamenHTML/Pregunta34/1.png', 1, 1, '2017-05-22 02:23:52', '2017-05-22 02:23:52', 54, 1, '1'),
(166, NULL, NULL, '/files/images/ExamenHTML/Pregunta34/2.png', 1, 0, '2017-05-22 02:23:52', '2017-05-22 02:23:52', 54, 1, '2'),
(167, NULL, NULL, '/files/images/ExamenHTML/Pregunta34/3.png', 1, 0, '2017-05-22 02:23:52', '2017-05-22 02:23:52', 54, 1, '3'),
(168, NULL, NULL, '/files/images/ExamenHTML/Pregunta34/4.png', 1, 0, '2017-05-22 02:23:52', '2017-05-22 02:23:52', 54, 1, '4'),
(169, NULL, NULL, '/files/images/ExamenHTML/Pregunta35/1.png', 1, 1, '2017-05-22 02:23:52', '2017-05-22 02:23:52', 55, 1, '1'),
(170, NULL, NULL, '/files/images/ExamenHTML/Pregunta35/2.png', 1, 0, '2017-05-22 02:23:52', '2017-05-22 02:23:52', 55, 1, '2'),
(171, NULL, NULL, '/files/images/ExamenHTML/Pregunta35/3.png', 1, 0, '2017-05-22 02:23:52', '2017-05-22 02:23:52', 55, 1, '3'),
(172, NULL, NULL, '/files/images/ExamenHTML/Pregunta35/4.png', 1, 0, '2017-05-22 02:23:52', '2017-05-22 02:23:52', 55, 1, '4'),
(173, NULL, NULL, '/files/images/ExamenHTML/Pregunta36/1.png', 1, 1, '2017-05-22 02:23:52', '2017-05-22 02:23:52', 56, 1, '1'),
(174, NULL, NULL, '/files/images/ExamenHTML/Pregunta36/2.png', 1, 0, '2017-05-22 02:23:52', '2017-05-22 02:23:52', 56, 1, '2'),
(175, NULL, NULL, '/files/images/ExamenHTML/Pregunta36/3.png', 1, 0, '2017-05-22 02:23:52', '2017-05-22 02:23:52', 56, 1, '3'),
(176, NULL, NULL, '/files/images/ExamenHTML/Pregunta36/4.png', 1, 0, '2017-05-22 02:23:52', '2017-05-22 02:23:52', 56, 1, '4'),
(177, NULL, NULL, '/files/images/ExamenHTML/Pregunta37/1.png', 1, 1, '2017-05-22 02:23:52', '2017-05-22 02:23:52', 57, 1, '1'),
(178, NULL, NULL, '/files/images/ExamenHTML/Pregunta37/2.png', 1, 0, '2017-05-22 02:23:52', '2017-05-22 02:23:52', 57, 1, '2'),
(179, NULL, NULL, '/files/images/ExamenHTML/Pregunta37/3.png', 1, 0, '2017-05-22 02:23:52', '2017-05-22 02:23:52', 57, 1, '3'),
(180, NULL, NULL, '/files/images/ExamenHTML/Pregunta37/4.png', 1, 0, '2017-05-22 02:23:52', '2017-05-22 02:23:52', 57, 1, '4'),
(181, NULL, NULL, '/files/images/ExamenHTML/Pregunta38/1.png', 1, 1, '2017-05-22 02:23:52', '2017-05-22 02:23:52', 58, 1, '1'),
(182, NULL, NULL, '/files/images/ExamenHTML/Pregunta38/2.png', 1, 0, '2017-05-22 02:23:52', '2017-05-22 02:23:52', 58, 1, '2'),
(183, NULL, NULL, '/files/images/ExamenHTML/Pregunta38/3.png', 1, 0, '2017-05-22 02:23:52', '2017-05-22 02:23:52', 58, 1, '3'),
(184, NULL, NULL, '/files/images/ExamenHTML/Pregunta38/4.png', 1, 0, '2017-05-22 02:23:52', '2017-05-22 02:23:52', 58, 1, '4'),
(185, NULL, NULL, '/files/images/ExamenHTML/Pregunta39/1.png', 1, 1, '2017-05-22 02:23:52', '2017-05-22 02:23:52', 59, 1, '1'),
(186, NULL, NULL, '/files/images/ExamenHTML/Pregunta39/2.png', 1, 0, '2017-05-22 02:23:52', '2017-05-22 02:23:52', 59, 1, '2'),
(187, NULL, NULL, '/files/images/ExamenHTML/Pregunta39/3.png', 1, 0, '2017-05-22 02:23:52', '2017-05-22 02:23:52', 59, 1, '3'),
(188, NULL, NULL, '/files/images/ExamenHTML/Pregunta39/4.png', 1, 0, '2017-05-22 02:23:52', '2017-05-22 02:23:52', 59, 1, '4'),
(189, NULL, NULL, '/files/images/ExamenHTML/Pregunta40/1.png', 1, 1, '2017-05-22 02:23:52', '2017-05-22 02:23:52', 60, 1, '1'),
(190, NULL, NULL, '/files/images/ExamenHTML/Pregunta40/2.png', 1, 0, '2017-05-22 02:23:52', '2017-05-22 02:23:52', 60, 1, '2'),
(191, NULL, NULL, '/files/images/ExamenHTML/Pregunta40/3.png', 1, 0, '2017-05-22 02:23:52', '2017-05-22 02:23:52', 60, 1, '3'),
(192, NULL, NULL, '/files/images/ExamenHTML/Pregunta40/4.png', 1, 0, '2017-05-22 02:23:52', '2017-05-22 02:23:52', 60, 1, '4'),
(193, NULL, NULL, '/files/images/ExamenHTML/Pregunta41/1.png', 1, 1, '2017-05-22 02:23:52', '2017-05-22 02:23:52', 61, 1, '1'),
(194, NULL, NULL, '/files/images/ExamenHTML/Pregunta41/2.png', 1, 0, '2017-05-22 02:23:52', '2017-05-22 02:23:52', 61, 1, '2'),
(195, NULL, NULL, '/files/images/ExamenHTML/Pregunta41/3.png', 1, 0, '2017-05-22 02:23:52', '2017-05-22 02:23:52', 61, 1, '3'),
(196, NULL, NULL, '/files/images/ExamenHTML/Pregunta41/4.png', 1, 0, '2017-05-22 02:23:52', '2017-05-22 02:23:52', 61, 1, '4'),
(197, NULL, NULL, '/files/images/ExamenHTML/Pregunta42/1.png', 1, 1, '2017-05-22 02:23:52', '2017-05-22 02:23:52', 62, 1, '1'),
(198, NULL, NULL, '/files/images/ExamenHTML/Pregunta42/2.png', 1, 0, '2017-05-22 02:23:52', '2017-05-22 02:23:52', 62, 1, '2'),
(199, NULL, NULL, '/files/images/ExamenHTML/Pregunta42/3.png', 1, 0, '2017-05-22 02:23:52', '2017-05-22 02:23:52', 62, 1, '3'),
(200, NULL, NULL, '/files/images/ExamenHTML/Pregunta42/4.png', 1, 0, '2017-05-22 02:23:52', '2017-05-22 02:23:52', 62, 1, '4'),
(201, NULL, NULL, '/files/images/ExamenHTML/Pregunta43/1.png', 1, 1, '2017-05-22 02:23:52', '2017-05-22 02:23:52', 63, 1, '1'),
(202, NULL, NULL, '/files/images/ExamenHTML/Pregunta43/2.png', 1, 0, '2017-05-22 02:23:52', '2017-05-22 02:23:52', 63, 1, '2'),
(203, NULL, NULL, '/files/images/ExamenHTML/Pregunta43/3.png', 1, 0, '2017-05-22 02:23:52', '2017-05-22 02:23:52', 63, 1, '3'),
(204, NULL, NULL, '/files/images/ExamenHTML/Pregunta43/4.png', 1, 0, '2017-05-22 02:23:52', '2017-05-22 02:23:52', 63, 1, '4'),
(205, NULL, NULL, '/files/images/ExamenHTML/Pregunta44/1.png', 1, 1, '2017-05-22 02:23:52', '2017-05-22 02:23:52', 64, 1, '1'),
(206, NULL, NULL, '/files/images/ExamenHTML/Pregunta44/2.png', 1, 0, '2017-05-22 02:23:52', '2017-05-22 02:23:52', 64, 1, '2'),
(207, NULL, NULL, '/files/images/ExamenHTML/Pregunta44/3.png', 1, 0, '2017-05-22 02:23:52', '2017-05-22 02:23:52', 64, 1, '3'),
(208, NULL, NULL, '/files/images/ExamenHTML/Pregunta44/4.png', 1, 0, '2017-05-22 02:23:52', '2017-05-22 02:23:52', 64, 1, '4'),
(209, NULL, NULL, '/files/images/ExamenHTML/Pregunta45/1.png', 1, 1, '2017-05-22 02:23:52', '2017-05-22 02:23:52', 65, 1, '1'),
(210, NULL, NULL, '/files/images/ExamenHTML/Pregunta45/2.png', 1, 0, '2017-05-22 02:23:52', '2017-05-22 02:23:52', 65, 1, '2'),
(211, NULL, NULL, '/files/images/ExamenHTML/Pregunta45/3.png', 1, 0, '2017-05-22 02:23:52', '2017-05-22 02:23:52', 65, 1, '3'),
(212, NULL, NULL, '/files/images/ExamenHTML/Pregunta45/4.png', 1, 0, '2017-05-22 02:23:52', '2017-05-22 02:23:52', 65, 1, '4'),
(213, NULL, NULL, '/files/images/ExamenHTML/Pregunta46/1.png', 1, 1, '2017-05-22 02:23:52', '2017-05-22 02:23:52', 66, 1, '1'),
(214, NULL, NULL, '/files/images/ExamenHTML/Pregunta46/2.png', 1, 0, '2017-05-22 02:23:52', '2017-05-22 02:23:52', 66, 1, '2'),
(215, NULL, NULL, '/files/images/ExamenHTML/Pregunta46/3.png', 1, 0, '2017-05-22 02:23:52', '2017-05-22 02:23:52', 66, 1, '3'),
(216, NULL, NULL, '/files/images/ExamenHTML/Pregunta46/4.png', 1, 0, '2017-05-22 02:23:52', '2017-05-22 02:23:52', 66, 1, '4'),
(217, NULL, NULL, '/files/images/ExamenHTML/Pregunta47/1.png', 1, 1, '2017-05-22 02:23:52', '2017-05-22 02:23:52', 67, 1, '1'),
(218, NULL, NULL, '/files/images/ExamenHTML/Pregunta47/2.png', 1, 0, '2017-05-22 02:23:52', '2017-05-22 02:23:52', 67, 1, '2'),
(219, NULL, NULL, '/files/images/ExamenHTML/Pregunta47/3.png', 1, 0, '2017-05-22 02:23:52', '2017-05-22 02:23:52', 67, 1, '3'),
(220, NULL, NULL, '/files/images/ExamenHTML/Pregunta47/4.png', 1, 0, '2017-05-22 02:23:52', '2017-05-22 02:23:52', 67, 1, '4'),
(221, NULL, NULL, '/files/images/ExamenHTML/Pregunta48/1.png', 1, 1, '2017-05-22 02:23:52', '2017-05-22 02:23:52', 68, 1, '1'),
(222, NULL, NULL, '/files/images/ExamenHTML/Pregunta48/2.png', 1, 0, '2017-05-22 02:23:52', '2017-05-22 02:23:52', 68, 1, '2'),
(223, NULL, NULL, '/files/images/ExamenHTML/Pregunta48/3.png', 1, 0, '2017-05-22 02:23:52', '2017-05-22 02:23:52', 68, 1, '3'),
(224, NULL, NULL, '/files/images/ExamenHTML/Pregunta48/4.png', 1, 0, '2017-05-22 02:23:52', '2017-05-22 02:23:52', 68, 1, '4'),
(225, NULL, NULL, '/files/images/ExamenHTML/Pregunta49/1.png', 1, 1, '2017-05-22 02:23:52', '2017-05-22 02:23:52', 69, 1, '1'),
(226, NULL, NULL, '/files/images/ExamenHTML/Pregunta49/2.png', 1, 0, '2017-05-22 02:23:52', '2017-05-22 02:23:52', 69, 1, '2'),
(227, NULL, NULL, '/files/images/ExamenHTML/Pregunta49/3.png', 1, 0, '2017-05-22 02:23:52', '2017-05-22 02:23:52', 69, 1, '3'),
(228, NULL, NULL, '/files/images/ExamenHTML/Pregunta49/4.png', 1, 0, '2017-05-22 02:23:52', '2017-05-22 02:23:52', 69, 1, '4'),
(229, NULL, NULL, '/files/images/ExamenHTML/Pregunta50/1.png', 1, 1, '2017-05-22 02:23:52', '2017-05-22 02:23:52', 70, 1, '1'),
(230, NULL, NULL, '/files/images/ExamenHTML/Pregunta50/2.png', 1, 0, '2017-05-22 02:23:52', '2017-05-22 02:23:52', 70, 1, '2'),
(231, NULL, NULL, '/files/images/ExamenHTML/Pregunta50/3.png', 1, 0, '2017-05-22 02:23:52', '2017-05-22 02:23:52', 70, 1, '3'),
(232, NULL, NULL, '/files/images/ExamenHTML/Pregunta50/4.png', 1, 0, '2017-05-22 02:23:52', '2017-05-22 02:23:52', 70, 1, '4'),
(233, NULL, NULL, '/files/images/ExamenSQL01/0101R.jpg', 1, 0, '2017-08-26 17:41:19', '2017-08-27 00:28:48', 73, 1, '01'),
(234, NULL, NULL, '/files/images/ExamenSQL01/0102R.jpg', 1, 1, '2017-08-26 17:41:19', '2017-08-27 00:28:48', 73, 1, '02'),
(235, NULL, NULL, '/files/images/ExamenSQL01/0103R.jpg', 1, 0, '2017-08-26 17:41:19', '2017-08-27 00:28:48', 73, 1, '03'),
(236, NULL, NULL, '/files/images/ExamenSQL01/0104R.jpg', 1, 0, '2017-08-26 17:41:19', '2017-08-27 00:28:48', 73, 1, '04'),
(237, NULL, NULL, '/files/images/ExamenSQL01/0201R.jpg', 1, 1, '2017-08-26 17:41:19', '2017-08-27 00:29:31', 74, 1, '01'),
(238, NULL, NULL, '/files/images/ExamenSQL01/0202R.jpg', 1, 0, '2017-08-26 17:41:19', '2017-08-27 00:29:31', 74, 1, '02'),
(239, NULL, NULL, '/files/images/ExamenSQL01/0203R.jpg', 1, 0, '2017-08-26 17:41:19', '2017-08-27 00:29:31', 74, 1, '03'),
(240, NULL, NULL, '/files/images/ExamenSQL01/0204R.jpg', 1, 0, '2017-08-26 17:41:19', '2017-08-27 00:29:31', 74, 1, '04'),
(241, NULL, NULL, '/files/images/ExamenSQL01/0301R.jpg', 1, 0, '2017-08-26 17:41:19', '2017-08-27 00:30:01', 75, 1, '01'),
(242, NULL, NULL, '/files/images/ExamenSQL01/0302R.jpg', 1, 0, '2017-08-26 17:41:19', '2017-08-27 00:30:01', 75, 1, '02'),
(243, NULL, NULL, '/files/images/ExamenSQL01/0303R.jpg', 1, 0, '2017-08-26 17:41:19', '2017-08-27 00:30:01', 75, 1, '03'),
(244, NULL, NULL, '/files/images/ExamenSQL01/0304R.jpg', 1, 1, '2017-08-26 17:41:19', '2017-08-27 00:30:01', 75, 1, '04'),
(245, NULL, NULL, '/files/images/ExamenSQL01/0401R.jpg', 1, 0, '2017-08-26 17:41:19', '2017-08-27 00:30:35', 76, 1, '01'),
(246, NULL, NULL, '/files/images/ExamenSQL01/0402R.jpg', 1, 0, '2017-08-26 17:41:19', '2017-08-27 00:30:35', 76, 1, '02'),
(247, NULL, NULL, '/files/images/ExamenSQL01/0403R.jpg', 1, 1, '2017-08-26 17:41:19', '2017-08-27 00:30:35', 76, 1, '03'),
(248, NULL, NULL, '/files/images/ExamenSQL01/0404R.jpg', 1, 0, '2017-08-26 17:41:19', '2017-08-27 00:30:35', 76, 1, '04'),
(249, NULL, NULL, '/files/images/ExamenSQL01/0501R.jpg', 1, 0, '2017-08-26 17:41:19', '2017-08-27 00:31:32', 77, 1, '01'),
(250, NULL, NULL, '/files/images/ExamenSQL01/0502R.jpg', 1, 0, '2017-08-26 17:41:19', '2017-08-27 00:31:32', 77, 1, '02'),
(251, NULL, NULL, '/files/images/ExamenSQL01/0503R.jpg', 1, 0, '2017-08-26 17:41:19', '2017-08-27 00:31:32', 77, 1, '03'),
(252, NULL, NULL, '/files/images/ExamenSQL01/0504R.jpg', 1, 1, '2017-08-26 17:41:19', '2017-08-27 00:31:32', 77, 1, '04'),
(253, NULL, NULL, '/files/images/ExamenSQL01/0601R.jpg', 1, 0, '2017-08-26 17:41:19', '2017-08-27 00:32:55', 78, 1, '01'),
(254, NULL, NULL, '/files/images/ExamenSQL01/0602R.jpg', 1, 0, '2017-08-26 17:41:19', '2017-08-27 00:32:55', 78, 1, '02'),
(255, NULL, NULL, '/files/images/ExamenSQL01/0603R.jpg', 1, 0, '2017-08-26 17:41:19', '2017-08-27 00:32:55', 78, 1, '03'),
(256, NULL, NULL, '/files/images/ExamenSQL01/0604R.jpg', 1, 1, '2017-08-26 17:41:19', '2017-08-27 00:32:55', 78, 1, '04'),
(257, NULL, NULL, '/files/images/ExamenSQL01/0701R.jpg', 1, 0, '2017-08-26 17:41:19', '2017-08-27 00:33:21', 79, 1, '01'),
(258, NULL, NULL, '/files/images/ExamenSQL01/0702R.jpg', 1, 1, '2017-08-26 17:41:19', '2017-08-27 00:33:21', 79, 1, '02'),
(259, NULL, NULL, '/files/images/ExamenSQL01/0703R.jpg', 1, 0, '2017-08-26 17:41:19', '2017-08-27 00:33:21', 79, 1, '03'),
(260, NULL, NULL, '/files/images/ExamenSQL01/0704R.jpg', 1, 0, '2017-08-26 17:41:19', '2017-08-27 00:33:21', 79, 1, '04'),
(261, NULL, NULL, '/files/images/ExamenSQL01/0801R.jpg', 1, 0, '2017-08-26 17:41:19', '2017-08-27 00:33:39', 80, 1, '01'),
(262, NULL, NULL, '/files/images/ExamenSQL01/0802R.jpg', 1, 1, '2017-08-26 17:41:19', '2017-08-27 00:33:39', 80, 1, '02'),
(263, NULL, NULL, '/files/images/ExamenSQL01/0803R.jpg', 1, 0, '2017-08-26 17:41:19', '2017-08-27 00:33:39', 80, 1, '03'),
(264, NULL, NULL, '/files/images/ExamenSQL01/0804R.jpg', 1, 0, '2017-08-26 17:41:19', '2017-08-27 00:33:39', 80, 1, '04'),
(265, NULL, NULL, '/files/images/ExamenSQL01/0901R.jpg', 1, 0, '2017-08-26 17:41:19', '2017-08-27 00:35:18', 81, 1, '01'),
(266, NULL, NULL, '/files/images/ExamenSQL01/0902R.jpg', 1, 1, '2017-08-26 17:41:19', '2017-08-27 00:35:18', 81, 1, '02'),
(267, NULL, NULL, '/files/images/ExamenSQL01/0903R.jpg', 1, 0, '2017-08-26 17:41:19', '2017-08-27 00:35:18', 81, 1, '03'),
(268, NULL, NULL, '/files/images/ExamenSQL01/0904R.jpg', 1, 0, '2017-08-26 17:41:19', '2017-08-27 00:35:18', 81, 1, '04'),
(269, NULL, NULL, '/files/images/ExamenSQL01/1001R.jpg', 1, 0, '2017-08-26 17:41:19', '2017-08-27 00:36:12', 82, 1, '01'),
(270, NULL, NULL, '/files/images/ExamenSQL01/1002R.jpg', 1, 1, '2017-08-26 17:41:19', '2017-08-27 00:36:12', 82, 1, '02'),
(271, NULL, NULL, '/files/images/ExamenSQL01/1003R.jpg', 1, 0, '2017-08-26 17:41:19', '2017-08-27 00:36:12', 82, 1, '03'),
(272, NULL, NULL, '/files/images/ExamenSQL01/1004R.jpg', 1, 0, '2017-08-26 17:41:19', '2017-08-27 00:36:12', 82, 1, '04');

--
-- Triggers `opciones`
--
DELIMITER $$
CREATE TRIGGER `opciones_before_insert` BEFORE INSERT ON `opciones` FOR EACH ROW BEGIN
	
	SET NEW.ImagenEdit = (case when ((NEW.`Imagen` = '') or isnull(NEW.`Imagen`)) then 0 else 1 end);

END
$$
DELIMITER ;
DELIMITER $$
CREATE TRIGGER `opciones_before_update` BEFORE UPDATE ON `opciones` FOR EACH ROW BEGIN
	
	SET NEW.ImagenEdit = (case when ((NEW.`Imagen` = '') or isnull(NEW.`Imagen`)) then 0 else 1 end);

END
$$
DELIMITER ;

-- --------------------------------------------------------

--
-- Table structure for table `password_resets`
--

CREATE TABLE `password_resets` (
  `email` varchar(255) COLLATE utf8_unicode_ci NOT NULL,
  `token` varchar(255) COLLATE utf8_unicode_ci NOT NULL,
  `created_at` timestamp NOT NULL DEFAULT CURRENT_TIMESTAMP ON UPDATE CURRENT_TIMESTAMP
) ENGINE=InnoDB DEFAULT CHARSET=utf8 COLLATE=utf8_unicode_ci;

-- --------------------------------------------------------

--
-- Table structure for table `permisos`
--

CREATE TABLE `permisos` (
  `id` int(10) UNSIGNED NOT NULL,
  `UsuarioId` int(10) NOT NULL,
  `ExamenId` int(10) NOT NULL,
  `Activo` tinyint(1) NOT NULL DEFAULT '0',
  `FechaDesde` datetime NOT NULL,
  `FechaHasta` datetime NOT NULL,
  `created_at` timestamp NULL DEFAULT NULL,
  `updated_at` timestamp NULL DEFAULT NULL,
  `Cantidad` int(10) DEFAULT NULL,
  `Editar` int(10) DEFAULT NULL
) ENGINE=InnoDB DEFAULT CHARSET=latin1;

--
-- Dumping data for table `permisos`
--

INSERT INTO `permisos` (`id`, `UsuarioId`, `ExamenId`, `Activo`, `FechaDesde`, `FechaHasta`, `created_at`, `updated_at`, `Cantidad`, `Editar`) VALUES
(7, 27, 8, 1, '2017-04-01 00:00:00', '2018-05-24 00:00:00', '2017-05-05 05:13:54', '2018-05-08 19:17:03', 20, 1),
(9, 1, 9, 0, '2017-05-21 00:00:00', '2017-05-22 00:00:00', '2017-05-22 02:43:40', '2017-05-22 03:33:44', 1, 0),
(10, 16, 9, 0, '2017-05-21 00:00:00', '2017-05-22 00:00:00', '2017-05-22 03:55:20', '2017-05-22 04:16:36', 1, 0),
(12, 17, 8, 0, '2017-05-22 00:00:00', '2017-05-27 00:00:00', '2017-05-24 05:05:18', '2017-05-24 05:48:12', 1, 0),
(13, 17, 8, 1, '2017-05-23 00:00:00', '2017-06-30 00:00:00', '2017-05-24 05:45:15', '2017-05-24 05:45:15', 1, 0),
(15, 1, 8, 1, '2017-05-27 00:00:00', '2018-07-01 00:00:00', '2017-05-28 07:08:21', '2018-05-10 23:51:07', 96, 1),
(17, 19, 8, 1, '2017-06-08 00:00:00', '2017-06-30 00:00:00', '2017-06-09 02:24:15', '2017-06-14 05:21:12', 2, 1),
(18, 20, 8, 1, '2017-06-08 00:00:00', '2017-06-30 00:00:00', '2017-06-09 04:37:53', '2017-06-21 02:00:22', 1, NULL),
(20, 20, 9, 1, '2017-06-09 00:00:00', '2017-06-30 00:00:00', '2017-06-09 23:02:31', '2017-06-09 23:04:29', 9, NULL),
(21, 22, 8, 1, '2017-06-01 00:00:00', '2017-06-16 00:00:00', '2017-06-10 05:33:23', '2017-06-21 01:55:52', 2, NULL),
(22, 19, 9, 1, '2017-06-14 00:00:00', '2017-12-01 00:00:00', '2017-06-15 00:33:25', '2017-11-03 00:05:18', 8, 1),
(25, 1, 10, 1, '2017-08-25 00:00:00', '2017-08-31 00:00:00', '2017-08-26 17:42:31', '2017-08-27 05:55:41', 20, NULL),
(26, 16, 10, 1, '2017-08-25 00:00:00', '2017-08-31 00:00:00', '2017-08-27 00:40:13', '2017-08-29 19:50:16', 1, NULL),
(27, 19, 10, 1, '2017-08-25 00:00:00', '2017-08-31 00:00:00', '2017-08-27 00:41:07', '2017-08-27 00:41:07', 3, NULL),
(28, 20, 10, 1, '2017-08-25 00:00:00', '2017-08-31 00:00:00', '2017-08-27 00:41:31', '2017-08-27 00:41:31', 3, NULL),
(31, 15, 10, 1, '2017-09-16 00:00:00', '2017-09-30 00:00:00', '2017-09-17 22:29:13', '2017-09-17 22:29:13', 3, NULL),
(32, 24, 10, 1, '2017-09-16 00:00:00', '2017-10-31 00:00:00', '2017-09-18 03:15:34', '2017-09-19 15:25:18', 3, NULL),
(33, 25, 10, 1, '2017-10-01 00:00:00', '2017-11-30 00:00:00', '2017-10-08 17:06:47', '2017-10-08 20:06:36', 2, NULL),
(34, 26, 8, 1, '2017-11-02 00:00:00', '2017-11-30 00:00:00', '2017-11-03 00:02:33', '2017-11-03 14:40:28', 8, NULL),
(35, 26, 9, 1, '2017-11-02 00:00:00', '2017-11-30 00:00:00', '2017-11-03 00:03:00', '2017-11-03 00:03:00', 9, NULL),
(36, 1, 8, 1, '2018-05-08 00:00:00', '2018-05-31 00:00:00', '2018-05-08 18:38:04', '2018-05-08 18:38:04', 9, 1),
(37, 27, 9, 1, '2018-05-01 00:00:00', '2018-05-31 00:00:00', '2018-05-08 19:15:12', '2018-05-08 19:15:12', 10, 1),
(39, 1, 9, 1, '2018-07-17 00:00:00', '2018-09-30 00:00:00', '2018-07-18 01:54:43', '2018-08-17 20:22:43', 21, 1),
(40, 1, 8, 1, '2018-07-17 00:00:00', '2018-09-30 00:00:00', '2018-07-18 01:56:04', '2018-08-17 20:22:32', 26, 1),
(41, 1, 10, 1, '2018-07-17 00:00:00', '2018-09-30 00:00:00', '2018-07-18 01:56:38', '2018-07-23 20:46:08', 29, NULL);

-- --------------------------------------------------------

--
-- Table structure for table `permissions`
--

CREATE TABLE `permissions` (
  `id` int(10) UNSIGNED NOT NULL,
  `name` varchar(255) COLLATE utf8_unicode_ci NOT NULL,
  `display_name` varchar(255) COLLATE utf8_unicode_ci DEFAULT NULL,
  `description` varchar(255) COLLATE utf8_unicode_ci DEFAULT NULL,
  `created_at` timestamp NULL DEFAULT NULL,
  `updated_at` timestamp NULL DEFAULT NULL
) ENGINE=InnoDB DEFAULT CHARSET=utf8 COLLATE=utf8_unicode_ci;

--
-- Dumping data for table `permissions`
--

INSERT INTO `permissions` (`id`, `name`, `display_name`, `description`, `created_at`, `updated_at`) VALUES
(1, 'admin-admin', 'Administrador de aplicacion', 'Administrador de la aplicacion', '2017-04-30 18:43:50', '2017-04-30 18:43:50'),
(2, 'ver-examen', 'Ver examen', 'Ver mi propio examen', '2017-04-30 18:43:50', '2017-04-30 18:43:50'),
(3, 'ver-examen-todos', 'Ver examen todos', 'Ver todos los examenes', '2017-04-30 18:43:50', '2017-04-30 18:43:50'),
(4, 'ver-examenes-crear', 'Ver examenes crear', 'Ver todos los examenes y crear', '2017-04-30 18:43:50', '2017-04-30 18:43:50'),
(5, 'ver-usuarios', 'Ver usuarios', 'Ver todos los usuarios', '2017-04-30 18:43:50', '2017-04-30 18:43:50'),
(6, 'ver-roles', 'Ver roles', 'Ver todos los roles', '2017-04-30 18:43:50', '2017-04-30 18:43:50'),
(7, 'ver-tomar', 'Ver tomar', 'Ver boton tomar examen', '2017-04-30 18:43:50', '2017-04-30 18:43:50'),
(8, 'ver-tomados', 'Ver tomados', 'Ver examenes tomados', '2017-04-30 18:43:50', '2017-04-30 18:43:50'),
(9, 'editar-usuario', 'Editar usuario', 'Puede editar su propio usuario', '2017-04-30 18:43:50', '2017-04-30 18:43:50');

-- --------------------------------------------------------

--
-- Table structure for table `permission_role`
--

CREATE TABLE `permission_role` (
  `permission_id` int(10) UNSIGNED NOT NULL,
  `role_id` int(10) UNSIGNED NOT NULL
) ENGINE=InnoDB DEFAULT CHARSET=utf8 COLLATE=utf8_unicode_ci;

--
-- Dumping data for table `permission_role`
--

INSERT INTO `permission_role` (`permission_id`, `role_id`) VALUES
(1, 4),
(2, 4),
(3, 4),
(4, 4),
(5, 4),
(6, 4),
(7, 4),
(8, 4),
(9, 4),
(2, 5),
(7, 5),
(8, 5),
(9, 5);

-- --------------------------------------------------------

--
-- Table structure for table `preguntas`
--

CREATE TABLE `preguntas` (
  `id` int(10) UNSIGNED NOT NULL,
  `Nombre` varchar(255) COLLATE utf8_unicode_ci DEFAULT NULL,
  `Descripcion` varchar(255) CHARACTER SET utf8 DEFAULT NULL,
  `Imagen` varchar(255) COLLATE utf8_unicode_ci NOT NULL,
  `Activo` tinyint(1) NOT NULL,
  `created_at` timestamp NULL DEFAULT NULL,
  `updated_at` timestamp NULL DEFAULT NULL,
  `ExamenId` int(10) NOT NULL,
  `ImagenEdit` int(10) NOT NULL DEFAULT '0',
  `Codigo` varchar(50) COLLATE utf8_unicode_ci DEFAULT NULL
) ENGINE=InnoDB DEFAULT CHARSET=utf8 COLLATE=utf8_unicode_ci;

--
-- Dumping data for table `preguntas`
--

INSERT INTO `preguntas` (`id`, `Nombre`, `Descripcion`, `Imagen`, `Activo`, `created_at`, `updated_at`, `ExamenId`, `ImagenEdit`, `Codigo`) VALUES
(15, '', '', '/files/images/8/15/1P_20170504_231839.jpg', 1, '2017-05-05 02:58:10', '2017-05-20 23:01:47', 8, 1, '1'),
(16, '', '', '/files/images/8/16/1P_20170507_130433.jpg', 1, '2017-05-07 19:04:33', '2017-05-08 00:35:08', 8, 1, '2'),
(17, '', '', '/files/images/8/17/1P_20170507_184853.jpg', 1, '2017-05-07 19:06:59', '2017-05-08 00:48:53', 8, 1, '3'),
(18, '', '', '/files/images/8/18/1P_20170507_185016.png', 1, '2017-05-07 20:11:16', '2017-05-08 00:50:16', 8, 1, '4'),
(19, '', '', '/files/images/8/19/1P_20170507_143318.png', 1, '2017-05-07 20:33:18', '2017-05-08 00:35:32', 8, 1, '5'),
(20, '', '', '/files/images/8/20/1P_20170520_171244.png', 1, '2017-05-20 23:12:44', '2017-05-20 23:12:44', 8, 1, '6'),
(21, NULL, NULL, '/files/images/ExamenHTML/Pregunta1/Pregunta.png', 1, '2017-05-22 02:23:52', '2017-05-22 02:23:52', 9, 1, '1'),
(22, NULL, NULL, '/files/images/ExamenHTML/Pregunta2/Pregunta.png', 1, '2017-05-22 02:23:52', '2017-05-22 02:23:52', 9, 1, '2'),
(23, NULL, NULL, '/files/images/ExamenHTML/Pregunta3/Pregunta.png', 1, '2017-05-22 02:23:52', '2017-05-22 02:23:52', 9, 1, '3'),
(24, NULL, NULL, '/files/images/ExamenHTML/Pregunta4/Pregunta.png', 1, '2017-05-22 02:23:52', '2017-05-22 02:23:52', 9, 1, '4'),
(25, NULL, NULL, '/files/images/ExamenHTML/Pregunta5/Pregunta.png', 1, '2017-05-22 02:23:52', '2017-05-22 02:23:52', 9, 1, '5'),
(26, NULL, NULL, '/files/images/ExamenHTML/Pregunta6/Pregunta.png', 1, '2017-05-22 02:23:52', '2017-05-22 02:23:52', 9, 1, '6'),
(27, NULL, NULL, '/files/images/ExamenHTML/Pregunta7/Pregunta.png', 1, '2017-05-22 02:23:52', '2017-05-22 02:23:52', 9, 1, '7'),
(28, NULL, NULL, '/files/images/ExamenHTML/Pregunta8/Pregunta.png', 1, '2017-05-22 02:23:52', '2017-05-22 02:23:52', 9, 1, '8'),
(29, NULL, NULL, '/files/images/ExamenHTML/Pregunta9/Pregunta.png', 1, '2017-05-22 02:23:52', '2017-05-22 02:23:52', 9, 1, '9'),
(30, NULL, NULL, '/files/images/ExamenHTML/Pregunta10/Pregunta.png', 1, '2017-05-22 02:23:52', '2017-05-22 02:23:52', 9, 1, '10'),
(31, NULL, NULL, '/files/images/ExamenHTML/Pregunta11/Pregunta.png', 1, '2017-05-22 02:23:52', '2017-05-22 02:23:52', 9, 1, '11'),
(32, NULL, NULL, '/files/images/ExamenHTML/Pregunta12/Pregunta.png', 1, '2017-05-22 02:23:52', '2017-05-22 02:23:52', 9, 1, '12'),
(33, NULL, NULL, '/files/images/ExamenHTML/Pregunta13/Pregunta.png', 1, '2017-05-22 02:23:52', '2017-05-22 02:23:52', 9, 1, '13'),
(34, NULL, NULL, '/files/images/ExamenHTML/Pregunta14/Pregunta.png', 1, '2017-05-22 02:23:52', '2017-05-22 02:23:52', 9, 1, '14'),
(35, NULL, NULL, '/files/images/ExamenHTML/Pregunta15/Pregunta.png', 1, '2017-05-22 02:23:52', '2017-05-22 02:23:52', 9, 1, '15'),
(36, NULL, NULL, '/files/images/ExamenHTML/Pregunta16/Pregunta.png', 1, '2017-05-22 02:23:52', '2017-05-22 02:23:52', 9, 1, '16'),
(37, NULL, NULL, '/files/images/ExamenHTML/Pregunta17/Pregunta.png', 1, '2017-05-22 02:23:52', '2017-05-22 02:23:52', 9, 1, '17'),
(38, NULL, NULL, '/files/images/ExamenHTML/Pregunta18/Pregunta.png', 1, '2017-05-22 02:23:52', '2017-05-22 02:23:52', 9, 1, '18'),
(39, NULL, NULL, '/files/images/ExamenHTML/Pregunta19/Pregunta.png', 1, '2017-05-22 02:23:52', '2017-05-22 02:23:52', 9, 1, '19'),
(40, NULL, NULL, '/files/images/ExamenHTML/Pregunta20/Pregunta.png', 1, '2017-05-22 02:23:52', '2017-05-22 02:23:52', 9, 1, '20'),
(41, NULL, NULL, '/files/images/ExamenHTML/Pregunta21/Pregunta.png', 1, '2017-05-22 02:23:52', '2017-05-22 02:23:52', 9, 1, '21'),
(42, NULL, NULL, '/files/images/ExamenHTML/Pregunta22/Pregunta.png', 1, '2017-05-22 02:23:52', '2017-05-22 02:23:52', 9, 1, '22'),
(43, NULL, NULL, '/files/images/ExamenHTML/Pregunta23/Pregunta.png', 1, '2017-05-22 02:23:52', '2017-05-22 02:23:52', 9, 1, '23'),
(44, NULL, NULL, '/files/images/ExamenHTML/Pregunta24/Pregunta.png', 1, '2017-05-22 02:23:52', '2017-05-22 02:23:52', 9, 1, '24'),
(45, NULL, NULL, '/files/images/ExamenHTML/Pregunta25/Pregunta.png', 1, '2017-05-22 02:23:52', '2017-05-22 02:23:52', 9, 1, '25'),
(46, NULL, NULL, '/files/images/ExamenHTML/Pregunta26/Pregunta.png', 1, '2017-05-22 02:23:52', '2017-05-22 02:23:52', 9, 1, '26'),
(47, NULL, NULL, '/files/images/ExamenHTML/Pregunta27/Pregunta.png', 1, '2017-05-22 02:23:52', '2017-05-22 02:23:52', 9, 1, '27'),
(48, NULL, NULL, '/files/images/ExamenHTML/Pregunta28/Pregunta.png', 1, '2017-05-22 02:23:52', '2017-05-22 02:23:52', 9, 1, '28'),
(49, NULL, NULL, '/files/images/ExamenHTML/Pregunta29/Pregunta.png', 1, '2017-05-22 02:23:52', '2017-05-22 02:23:52', 9, 1, '29'),
(50, NULL, NULL, '/files/images/ExamenHTML/Pregunta30/Pregunta.png', 1, '2017-05-22 02:23:52', '2017-05-22 02:23:52', 9, 1, '30'),
(51, NULL, NULL, '/files/images/ExamenHTML/Pregunta31/Pregunta.png', 1, '2017-05-22 02:23:52', '2017-05-22 02:23:52', 9, 1, '31'),
(52, NULL, NULL, '/files/images/ExamenHTML/Pregunta32/Pregunta.png', 1, '2017-05-22 02:23:52', '2017-05-22 02:23:52', 9, 1, '32'),
(53, NULL, NULL, '/files/images/ExamenHTML/Pregunta33/Pregunta.png', 1, '2017-05-22 02:23:52', '2017-05-22 02:23:52', 9, 1, '33'),
(54, NULL, NULL, '/files/images/ExamenHTML/Pregunta34/Pregunta.png', 1, '2017-05-22 02:23:52', '2017-05-22 02:23:52', 9, 1, '34'),
(55, NULL, NULL, '/files/images/ExamenHTML/Pregunta35/Pregunta.png', 1, '2017-05-22 02:23:52', '2017-05-22 02:23:52', 9, 1, '35'),
(56, NULL, NULL, '/files/images/ExamenHTML/Pregunta36/Pregunta.png', 1, '2017-05-22 02:23:52', '2017-05-22 02:23:52', 9, 1, '36'),
(57, NULL, NULL, '/files/images/ExamenHTML/Pregunta37/Pregunta.png', 1, '2017-05-22 02:23:52', '2017-05-22 02:23:52', 9, 1, '37'),
(58, NULL, NULL, '/files/images/ExamenHTML/Pregunta38/Pregunta.png', 1, '2017-05-22 02:23:52', '2017-05-22 02:23:52', 9, 1, '38'),
(59, NULL, NULL, '/files/images/ExamenHTML/Pregunta39/Pregunta.png', 1, '2017-05-22 02:23:52', '2017-05-22 02:23:52', 9, 1, '39'),
(60, NULL, NULL, '/files/images/ExamenHTML/Pregunta40/Pregunta.png', 1, '2017-05-22 02:23:52', '2017-05-22 02:23:52', 9, 1, '40'),
(61, NULL, NULL, '/files/images/ExamenHTML/Pregunta41/Pregunta.png', 1, '2017-05-22 02:23:52', '2017-05-22 02:23:52', 9, 1, '41'),
(62, NULL, NULL, '/files/images/ExamenHTML/Pregunta42/Pregunta.png', 1, '2017-05-22 02:23:52', '2017-05-22 02:23:52', 9, 1, '42'),
(63, NULL, NULL, '/files/images/ExamenHTML/Pregunta43/Pregunta.png', 1, '2017-05-22 02:23:52', '2017-05-22 02:23:52', 9, 1, '43'),
(64, NULL, NULL, '/files/images/ExamenHTML/Pregunta44/Pregunta.png', 1, '2017-05-22 02:23:52', '2017-05-22 02:23:52', 9, 1, '44'),
(65, NULL, NULL, '/files/images/ExamenHTML/Pregunta45/Pregunta.png', 1, '2017-05-22 02:23:52', '2017-05-22 02:23:52', 9, 1, '45'),
(66, NULL, NULL, '/files/images/ExamenHTML/Pregunta46/Pregunta.png', 1, '2017-05-22 02:23:52', '2017-05-22 02:23:52', 9, 1, '46'),
(67, NULL, NULL, '/files/images/ExamenHTML/Pregunta47/Pregunta.png', 1, '2017-05-22 02:23:52', '2017-05-22 02:23:52', 9, 1, '47'),
(68, NULL, NULL, '/files/images/ExamenHTML/Pregunta48/Pregunta.png', 1, '2017-05-22 02:23:52', '2017-05-22 02:23:52', 9, 1, '48'),
(69, NULL, NULL, '/files/images/ExamenHTML/Pregunta49/Pregunta.png', 1, '2017-05-22 02:23:52', '2017-05-22 02:23:52', 9, 1, '49'),
(70, NULL, NULL, '/files/images/ExamenHTML/Pregunta50/Pregunta.png', 1, '2017-05-22 02:23:52', '2017-05-22 02:23:52', 9, 1, '50'),
(73, '', '', '/files/images/ExamenSQL01/0100P.jpg', 1, '2017-08-26 17:41:19', '2017-08-26 17:43:04', 10, 1, '01'),
(74, NULL, NULL, '/files/images/ExamenSQL01/0200P.jpg', 1, '2017-08-26 17:41:19', '2017-08-26 17:41:19', 10, 1, '02'),
(75, NULL, NULL, '/files/images/ExamenSQL01/0300P.jpg', 1, '2017-08-26 17:41:19', '2017-08-26 17:41:19', 10, 1, '03'),
(76, NULL, NULL, '/files/images/ExamenSQL01/0400P.jpg', 1, '2017-08-26 17:41:19', '2017-08-26 17:41:19', 10, 1, '04'),
(77, NULL, NULL, '/files/images/ExamenSQL01/0500P.jpg', 1, '2017-08-26 17:41:19', '2017-08-26 17:41:19', 10, 1, '05'),
(78, NULL, NULL, '/files/images/ExamenSQL01/0600P.jpg', 1, '2017-08-26 17:41:19', '2017-08-26 17:41:19', 10, 1, '06'),
(79, NULL, NULL, '/files/images/ExamenSQL01/0700P.jpg', 1, '2017-08-26 17:41:19', '2017-08-26 17:41:19', 10, 1, '07'),
(80, NULL, NULL, '/files/images/ExamenSQL01/0800P.jpg', 1, '2017-08-26 17:41:19', '2017-08-26 17:41:19', 10, 1, '08'),
(81, NULL, NULL, '/files/images/ExamenSQL01/0900P.jpg', 1, '2017-08-26 17:41:19', '2017-08-26 17:41:19', 10, 1, '09'),
(82, NULL, NULL, '/files/images/ExamenSQL01/1000P.jpg', 1, '2017-08-26 17:41:19', '2017-08-26 17:41:19', 10, 1, '10');

--
-- Triggers `preguntas`
--
DELIMITER $$
CREATE TRIGGER `preguntas_before_insert` BEFORE INSERT ON `preguntas` FOR EACH ROW BEGIN

	SET NEW.ImagenEdit = (case when ((NEW.`Imagen` = '') or isnull(NEW.`Imagen`)) then 0 else 1 end);

END
$$
DELIMITER ;
DELIMITER $$
CREATE TRIGGER `preguntas_before_update` BEFORE UPDATE ON `preguntas` FOR EACH ROW BEGIN
	
	
	SET NEW.ImagenEdit = (case when ((NEW.`Imagen` = '') or isnull(NEW.`Imagen`)) then 0 else 1 end);

END
$$
DELIMITER ;

-- --------------------------------------------------------

--
-- Table structure for table `roles`
--

CREATE TABLE `roles` (
  `id` int(10) UNSIGNED NOT NULL,
  `name` varchar(255) COLLATE utf8_unicode_ci NOT NULL,
  `display_name` varchar(255) COLLATE utf8_unicode_ci DEFAULT NULL,
  `description` varchar(255) COLLATE utf8_unicode_ci DEFAULT NULL,
  `created_at` timestamp NULL DEFAULT NULL,
  `updated_at` timestamp NULL DEFAULT NULL
) ENGINE=InnoDB DEFAULT CHARSET=utf8 COLLATE=utf8_unicode_ci;

--
-- Dumping data for table `roles`
--

INSERT INTO `roles` (`id`, `name`, `display_name`, `description`, `created_at`, `updated_at`) VALUES
(4, 'administrador', 'Administrador', 'Administrador de aplicacion ', '2017-04-30 19:58:45', '2017-05-01 12:51:44'),
(5, 'nomal-user', 'Normal User', 'Normal user', '2017-04-30 20:33:11', '2017-05-01 12:52:20');

-- --------------------------------------------------------

--
-- Table structure for table `role_user`
--

CREATE TABLE `role_user` (
  `user_id` int(10) UNSIGNED NOT NULL,
  `role_id` int(10) UNSIGNED NOT NULL
) ENGINE=InnoDB DEFAULT CHARSET=utf8 COLLATE=utf8_unicode_ci;

--
-- Dumping data for table `role_user`
--

INSERT INTO `role_user` (`user_id`, `role_id`) VALUES
(1, 4),
(6, 5),
(14, 5),
(15, 5),
(16, 5),
(17, 5),
(18, 5),
(19, 5),
(20, 5),
(21, 5),
(22, 5),
(23, 5),
(24, 5),
(25, 5),
(26, 5),
(27, 5),
(28, 5);

-- --------------------------------------------------------

--
-- Table structure for table `tomarexamen`
--

CREATE TABLE `tomarexamen` (
  `id` int(10) UNSIGNED NOT NULL,
  `UsuarioId` int(11) NOT NULL,
  `ExamenId` int(11) NOT NULL,
  `FechaInicio` datetime NOT NULL,
  `FechaLimiteTermino` datetime NOT NULL,
  `FechaTermino` datetime DEFAULT NULL,
  `MinutosParaExamen` int(11) NOT NULL,
  `NotaExamen` varchar(255) CHARACTER SET utf8 DEFAULT NULL,
  `CantidadCorrectas` int(11) DEFAULT NULL,
  `CantidadErroneas` int(11) DEFAULT NULL,
  `created_at` timestamp NULL DEFAULT NULL,
  `updated_at` timestamp NULL DEFAULT NULL,
  `TotalPreguntas` int(10) NOT NULL DEFAULT '0',
  `PreguntaActual` int(10) NOT NULL DEFAULT '0',
  `Activo` tinyint(1) NOT NULL DEFAULT '0',
  `DetalleActualId` int(10) NOT NULL DEFAULT '0',
  `Proxima` int(10) DEFAULT NULL,
  `Nota` int(10) NOT NULL DEFAULT '0',
  `PermisoId` int(10) NOT NULL DEFAULT '0',
  `Editar` int(10) DEFAULT NULL
) ENGINE=InnoDB DEFAULT CHARSET=utf8 COLLATE=utf8_unicode_ci;

--
-- Dumping data for table `tomarexamen`
--

INSERT INTO `tomarexamen` (`id`, `UsuarioId`, `ExamenId`, `FechaInicio`, `FechaLimiteTermino`, `FechaTermino`, `MinutosParaExamen`, `NotaExamen`, `CantidadCorrectas`, `CantidadErroneas`, `created_at`, `updated_at`, `TotalPreguntas`, `PreguntaActual`, `Activo`, `DetalleActualId`, `Proxima`, `Nota`, `PermisoId`, `Editar`) VALUES
(71, 14, 8, '2017-05-07 14:38:59', '2017-05-07 16:38:59', '2017-05-07 14:44:26', 120, '40 of 100 pts', 2, 3, '2017-05-07 20:39:00', '2017-05-07 20:44:26', 5, 6, 0, 244, 0, 40, 8, NULL),
(72, 1, 8, '2017-05-14 18:20:21', '2017-05-14 20:20:21', '2017-05-14 18:21:24', 120, '40 of 100 pts', 2, 3, '2017-05-15 00:20:21', '2017-05-15 00:21:24', 5, 6, 0, 249, 0, 40, 7, NULL),
(73, 1, 8, '2017-05-21 11:51:40', '2017-05-21 13:51:40', NULL, 120, NULL, NULL, NULL, '2017-05-21 17:51:40', '2017-05-21 17:51:40', 6, 1, 1, 250, 0, 0, 7, NULL),
(74, 1, 8, '2017-05-21 12:17:47', '2017-05-21 14:17:47', NULL, 120, NULL, NULL, NULL, '2017-05-21 18:17:47', '2017-05-21 18:17:47', 6, 1, 1, 256, 0, 0, 7, NULL),
(75, 1, 9, '2017-05-21 20:43:46', '2017-05-21 22:43:46', '2017-05-21 21:33:44', 120, '18 of 100 pts', 9, 41, '2017-05-22 02:43:46', '2017-05-22 03:33:44', 50, 51, 0, 311, 0, 18, 9, NULL),
(76, 16, 9, '2017-05-21 21:56:25', '2017-05-21 23:56:25', '2017-05-21 22:16:36', 120, '24 of 100 pts', 12, 38, '2017-05-22 03:56:25', '2017-05-22 04:16:36', 50, 51, 0, 361, 0, 24, 10, NULL),
(77, 1, 8, '2017-05-23 20:50:05', '2017-05-23 22:50:05', '2017-05-23 22:50:09', 120, '16.666666666667 of 100 pts', 1, 5, '2017-05-24 02:50:05', '2017-05-24 04:50:09', 6, 4, 0, 365, 0, 17, 7, NULL),
(78, 17, 8, '2017-05-23 23:08:08', '2017-05-24 01:08:08', '2017-05-23 23:48:12', 120, '33.333333333333 of 100 pts', 2, 4, '2017-05-24 05:08:08', '2017-05-24 05:48:12', 6, 7, 0, 373, 0, 33, 12, NULL),
(79, 1, 8, '2017-05-23 23:08:18', '2017-05-24 01:08:18', '2017-05-23 23:40:31', 120, '16.666666666667 of 100 pts', 1, 5, '2017-05-24 05:08:18', '2017-05-24 05:40:31', 6, 7, 0, 379, 0, 17, 7, NULL),
(80, 1, 8, '2017-05-28 01:08:28', '2017-05-28 09:08:28', '2017-05-28 01:09:07', 480, '33.333333333333 of 100 pts', 2, 4, '2017-05-28 07:08:28', '2017-05-28 07:09:07', 6, 7, 0, 385, 0, 33, 15, 1),
(81, 1, 8, '2017-05-28 01:10:08', '2017-05-28 09:10:08', '2017-05-28 01:20:34', 480, '100 of 100 pts', 6, 0, '2017-05-28 07:10:08', '2017-05-28 07:20:34', 6, 7, 0, 391, 0, 100, 15, 1),
(82, 18, 9, '2017-05-30 13:36:13', '2017-05-30 21:36:13', NULL, 480, NULL, NULL, NULL, '2017-05-30 19:36:13', '2017-05-30 19:36:13', 50, 1, 1, 392, 0, 0, 16, 1),
(83, 20, 8, '2017-06-09 16:13:02', '2017-06-10 00:13:03', '2017-06-09 16:33:20', 480, '100 of 100 pts', 6, 0, '2017-06-09 22:13:03', '2017-06-09 22:33:20', 6, 7, 0, 447, 0, 100, 18, 1),
(84, 20, 8, '2017-06-09 16:38:57', '2017-06-10 00:38:57', '2017-06-09 16:40:12', 480, '100 of 100 pts', 6, 0, '2017-06-09 22:38:57', '2017-06-09 22:40:12', 6, 7, 0, 453, 0, 100, 18, 1),
(85, 22, 8, '2017-06-09 23:57:29', '2017-06-10 01:57:29', NULL, 120, NULL, NULL, NULL, '2017-06-10 05:57:29', '2017-06-10 05:57:29', 6, 1, 1, 454, 0, 0, 21, NULL),
(86, 21, 8, '2017-06-12 08:51:12', '2017-06-12 16:52:03', NULL, 480, NULL, NULL, NULL, '2017-06-12 14:52:03', '2017-06-12 15:05:47', 6, 3, 1, 462, 0, 0, 19, 1),
(87, 19, 8, '2017-06-13 23:21:12', '2017-06-14 07:21:12', '2017-06-13 23:40:45', 480, '100 of 100 pts', 6, 0, '2017-06-14 05:21:12', '2017-06-14 05:40:45', 6, 7, 0, 471, 0, 100, 17, 1),
(88, 19, 9, '2017-06-25 10:45:55', '2017-06-25 18:45:55', NULL, 480, NULL, NULL, NULL, '2017-06-25 16:45:55', '2017-06-25 16:48:39', 50, 3, 1, 474, 0, 0, 22, 1),
(89, 23, 8, '2017-07-05 18:44:10', '2017-07-06 02:44:10', '2017-07-05 18:50:33', 480, '100 of 100 pts', 6, 0, '2017-07-06 00:44:10', '2017-07-06 00:50:33', 6, 7, 0, 527, 0, 100, 24, 1),
(90, 1, 10, '2017-08-26 12:42:36', '2017-08-26 16:42:36', '2017-08-26 16:02:56', 240, '10 of 100 pts', 1, 9, '2017-08-26 17:42:36', '2017-08-26 21:02:56', 10, 11, 0, 537, 0, 10, 25, 1),
(91, 1, 10, '2017-08-26 16:04:41', '2017-08-26 20:04:41', NULL, 240, NULL, NULL, NULL, '2017-08-26 21:04:41', '2017-08-26 21:04:41', 10, 1, 1, 538, 0, 0, 25, 1),
(92, 1, 10, '2017-08-26 16:13:10', '2017-08-26 20:13:10', NULL, 240, NULL, NULL, NULL, '2017-08-26 21:13:10', '2017-08-26 21:13:10', 10, 1, 1, 548, 0, 0, 25, 1),
(93, 1, 10, '2017-08-26 18:42:53', '2017-08-26 22:42:53', '2017-08-26 19:36:13', 240, '100 of 100 pts', 10, 0, '2017-08-26 23:42:53', '2017-08-27 00:36:13', 10, 11, 0, 567, 0, 100, 25, 1),
(94, 1, 10, '2017-08-27 00:55:41', '2017-08-27 01:55:41', '2017-08-27 00:57:28', 60, '20 of 100 pts', 2, 8, '2017-08-27 05:55:41', '2017-08-27 05:57:28', 10, 11, 0, 577, 0, 20, 25, NULL),
(95, 16, 10, '2017-08-28 12:45:09', '2017-08-28 13:45:09', '2017-08-29 14:49:54', 60, '0 of 100 pts', 0, 10, '2017-08-28 17:45:09', '2017-08-29 19:49:54', 10, 1, 0, 578, 0, 0, 26, NULL),
(96, 16, 10, '2017-08-29 14:50:16', '2017-08-29 15:50:16', '2017-08-29 15:00:10', 60, '60 of 100 pts', 6, 4, '2017-08-29 19:50:16', '2017-08-29 20:00:10', 10, 11, 0, 597, 0, 60, 26, NULL),
(97, 1, 8, '2017-09-21 00:29:14', '2017-09-21 02:29:14', '2017-09-21 10:21:08', 120, '0 of 100 pts', 0, 6, '2017-09-21 05:29:14', '2017-09-21 15:21:08', 6, 1, 0, 598, 0, 0, 7, NULL),
(98, 25, 10, '2017-10-08 15:06:36', '2017-10-08 16:06:36', '2017-10-08 15:57:34', 60, '60 of 100 pts', 6, 4, '2017-10-08 20:06:36', '2017-10-08 20:57:34', 10, 11, 0, 613, 0, 60, 33, NULL),
(99, 1, 8, '2017-11-03 09:30:41', '2017-11-03 11:30:41', '2017-11-03 09:38:01', 120, '50 of 100 pts', 3, 3, '2017-11-03 14:30:41', '2017-11-03 14:38:01', 6, 7, 0, 619, 0, 50, 7, NULL),
(100, 26, 8, '2017-11-03 09:40:28', '2017-11-03 11:40:28', '2017-11-03 09:54:09', 120, '33.333333333333 of 100 pts', 2, 4, '2017-11-03 14:40:28', '2017-11-03 14:54:09', 6, 7, 0, 625, 0, 33, 34, NULL),
(101, 27, 8, '2018-05-08 14:12:15', '2018-05-08 22:12:15', NULL, 480, NULL, NULL, NULL, '2018-05-08 19:12:15', '2018-05-08 19:16:26', 6, 2, 1, 627, 0, 0, 7, 1),
(102, 1, 8, '2018-05-10 18:51:07', '2018-05-11 02:51:07', '2018-05-10 18:55:04', 480, '100 of 100 pts', 6, 0, '2018-05-10 23:51:07', '2018-05-10 23:55:04', 6, 7, 0, 637, 0, 100, 15, 1),
(103, 28, 10, '2018-06-29 15:04:43', '2018-06-29 16:04:43', '2018-06-29 15:30:17', 60, '60 of 100 pts', 6, 4, '2018-06-29 20:04:43', '2018-06-29 20:30:17', 10, 11, 0, 647, 0, 60, 38, NULL),
(104, 1, 8, '2018-07-17 20:57:33', '2018-07-18 04:57:33', '2018-07-17 23:29:56', 480, '100 of 100 pts', 6, 0, '2018-07-18 01:57:33', '2018-07-18 04:29:56', 6, 7, 0, 653, 0, 100, 40, 1),
(105, 1, 8, '2018-07-18 21:19:25', '2018-07-19 05:19:25', NULL, 480, NULL, NULL, NULL, '2018-07-19 02:19:25', '2018-07-19 02:21:52', 6, 4, 1, 657, 0, 0, 40, 1),
(106, 1, 8, '2018-07-19 20:19:14', '2018-07-20 04:19:14', '2018-07-19 22:56:06', 480, '100 of 100 pts', 6, 0, '2018-07-20 01:19:14', '2018-07-20 03:56:06', 6, 7, 0, 665, 0, 100, 40, 1),
(107, 1, 9, '2018-07-19 22:57:57', '2018-07-29 06:57:57', NULL, 13440, NULL, NULL, NULL, '2018-07-20 03:57:57', '2018-07-20 04:05:07', 50, 6, 1, 671, 0, 0, 39, 1),
(108, 1, 9, '2018-07-19 23:04:34', '2018-07-29 07:04:35', NULL, 13440, NULL, NULL, NULL, '2018-07-20 04:04:35', '2018-07-22 15:28:03', 50, 9, 1, 724, 0, 0, 39, 1),
(109, 1, 9, '2018-07-19 23:30:09', '2018-07-29 07:30:09', NULL, 13440, NULL, NULL, NULL, '2018-07-20 04:30:09', '2018-07-20 04:30:09', 50, 1, 1, 766, 0, 0, 39, 1),
(110, 1, 9, '2018-07-19 23:31:20', '2018-07-29 07:31:20', NULL, 13440, NULL, NULL, NULL, '2018-07-20 04:31:20', '2018-07-20 04:31:20', 50, 1, 1, 816, 0, 0, 39, 1),
(111, 1, 9, '2018-07-21 17:57:42', '2018-07-31 01:57:42', NULL, 13440, NULL, NULL, NULL, '2018-07-21 22:57:42', '2018-07-21 22:59:11', 50, 7, 1, 872, 0, 0, 39, 1),
(112, 1, 9, '2018-07-22 12:47:25', '2018-07-31 20:47:25', NULL, 13440, NULL, NULL, NULL, '2018-07-22 17:47:25', '2018-07-23 04:29:44', 50, 1, 1, 916, 0, 0, 39, 1),
(113, 1, 9, '2018-07-23 14:51:13', '2018-08-01 22:51:13', NULL, 13440, NULL, NULL, NULL, '2018-07-23 19:51:13', '2018-07-23 20:43:13', 50, 13, 1, 978, 0, 0, 39, 1),
(114, 1, 10, '2018-07-23 15:46:08', '2018-07-23 16:46:08', NULL, 60, NULL, NULL, NULL, '2018-07-23 20:46:08', '2018-07-23 20:47:29', 10, 2, 1, 1017, 0, 0, 41, NULL),
(115, 1, 9, '2018-08-16 15:59:17', '2018-08-25 23:59:17', NULL, 13440, NULL, NULL, NULL, '2018-08-16 20:59:17', '2018-08-16 23:08:42', 50, 13, 1, 1038, 0, 0, 39, 1),
(116, 1, 8, '2018-08-17 15:22:31', '2018-08-26 23:22:32', NULL, 13440, NULL, NULL, NULL, '2018-08-17 20:22:32', '2018-08-17 20:22:32', 6, 1, 1, 1076, 0, 0, 40, 1),
(117, 1, 9, '2018-08-17 15:22:43', '2018-08-26 23:22:43', NULL, 13440, NULL, NULL, NULL, '2018-08-17 20:22:43', '2018-08-17 22:05:38', 50, 29, 1, 1110, 0, 0, 39, 1);

-- --------------------------------------------------------

--
-- Table structure for table `tomarexamendetalles`
--

CREATE TABLE `tomarexamendetalles` (
  `id` int(10) UNSIGNED NOT NULL,
  `TomarExamenId` int(11) NOT NULL,
  `ExamenId` int(11) NOT NULL,
  `PreguntaId` int(11) NOT NULL,
  `OpcionId` int(11) DEFAULT NULL,
  `Correcto` tinyint(1) DEFAULT NULL,
  `created_at` timestamp NULL DEFAULT NULL,
  `updated_at` timestamp NULL DEFAULT NULL,
  `Orden` int(10) NOT NULL,
  `Comentario` varchar(3000) COLLATE utf8_unicode_ci DEFAULT NULL
) ENGINE=InnoDB DEFAULT CHARSET=utf8 COLLATE=utf8_unicode_ci;

--
-- Dumping data for table `tomarexamendetalles`
--

INSERT INTO `tomarexamendetalles` (`id`, `TomarExamenId`, `ExamenId`, `PreguntaId`, `OpcionId`, `Correcto`, `created_at`, `updated_at`, `Orden`, `Comentario`) VALUES
(240, 71, 8, 15, 15, 1, '2017-05-07 20:39:00', '2017-05-07 20:41:00', 1, NULL),
(241, 71, 8, 16, 16, 1, '2017-05-07 20:39:00', '2017-05-07 20:41:45', 2, NULL),
(242, 71, 8, 17, 18, 0, '2017-05-07 20:39:00', '2017-05-07 20:42:34', 3, NULL),
(243, 71, 8, 18, 23, 0, '2017-05-07 20:39:00', '2017-05-07 20:43:21', 4, NULL),
(244, 71, 8, 19, 26, 0, '2017-05-07 20:39:00', '2017-05-07 20:44:25', 5, NULL),
(245, 72, 8, 15, 15, 1, '2017-05-15 00:20:21', '2017-05-15 00:20:47', 1, NULL),
(246, 72, 8, 16, 16, 1, '2017-05-15 00:20:21', '2017-05-15 00:20:56', 2, NULL),
(247, 72, 8, 17, 20, 0, '2017-05-15 00:20:22', '2017-05-15 00:21:04', 3, NULL),
(248, 72, 8, 18, 23, 0, '2017-05-15 00:20:22', '2017-05-15 00:21:11', 4, NULL),
(249, 72, 8, 19, 26, 0, '2017-05-15 00:20:22', '2017-05-15 00:21:23', 5, NULL),
(250, 73, 8, 15, NULL, NULL, '2017-05-21 17:51:40', '2017-05-21 17:51:40', 1, NULL),
(251, 73, 8, 16, NULL, NULL, '2017-05-21 17:51:40', '2017-05-21 17:51:40', 2, NULL),
(252, 73, 8, 17, NULL, NULL, '2017-05-21 17:51:40', '2017-05-21 17:51:40', 3, NULL),
(253, 73, 8, 18, NULL, NULL, '2017-05-21 17:51:40', '2017-05-21 17:51:40', 4, NULL),
(254, 73, 8, 19, NULL, NULL, '2017-05-21 17:51:40', '2017-05-21 17:51:40', 5, NULL),
(255, 73, 8, 20, NULL, NULL, '2017-05-21 17:51:40', '2017-05-21 17:51:40', 6, NULL),
(256, 74, 8, 15, NULL, NULL, '2017-05-21 18:17:47', '2017-05-21 18:17:47', 1, NULL),
(257, 74, 8, 16, NULL, NULL, '2017-05-21 18:17:47', '2017-05-21 18:17:47', 2, NULL),
(258, 74, 8, 17, NULL, NULL, '2017-05-21 18:17:47', '2017-05-21 18:17:47', 3, NULL),
(259, 74, 8, 18, NULL, NULL, '2017-05-21 18:17:47', '2017-05-21 18:17:47', 4, NULL),
(260, 74, 8, 19, NULL, NULL, '2017-05-21 18:17:47', '2017-05-21 18:17:47', 5, NULL),
(261, 74, 8, 20, NULL, NULL, '2017-05-21 18:17:47', '2017-05-21 18:17:47', 6, NULL),
(262, 75, 9, 21, 35, 0, '2017-05-22 02:43:46', '2017-05-22 02:44:02', 1, NULL),
(263, 75, 9, 22, 39, 0, '2017-05-22 02:43:46', '2017-05-22 02:57:15', 2, 'Esta es una respuesta escrita para recordar.'),
(264, 75, 9, 23, 43, 0, '2017-05-22 02:43:46', '2017-05-22 02:57:23', 3, 'asdf'),
(265, 75, 9, 24, 48, 0, '2017-05-22 02:43:46', '2017-05-22 03:07:32', 4, NULL),
(266, 75, 9, 25, 52, 0, '2017-05-22 02:43:46', '2017-05-22 03:12:57', 5, NULL),
(267, 75, 9, 26, 55, 0, '2017-05-22 02:43:46', '2017-05-22 03:11:35', 6, NULL),
(268, 75, 9, 27, 58, 0, '2017-05-22 02:43:46', '2017-05-22 03:13:32', 7, 'asdf'),
(269, 75, 9, 28, 61, 1, '2017-05-22 02:43:46', '2017-05-22 03:27:22', 8, NULL),
(270, 75, 9, 29, 66, 0, '2017-05-22 02:43:46', '2017-05-22 03:16:03', 9, NULL),
(271, 75, 9, 30, 71, 0, '2017-05-22 02:43:46', '2017-05-22 03:27:56', 10, NULL),
(272, 75, 9, 31, 75, 0, '2017-05-22 02:43:46', '2017-05-22 03:28:05', 11, NULL),
(273, 75, 9, 32, 78, 0, '2017-05-22 02:43:46', '2017-05-22 03:28:11', 12, NULL),
(274, 75, 9, 33, 83, 0, '2017-05-22 02:43:46', '2017-05-22 03:28:18', 13, 'dasdfa'),
(275, 75, 9, 34, 87, 0, '2017-05-22 02:43:46', '2017-05-22 03:28:37', 14, NULL),
(276, 75, 9, 35, 91, 0, '2017-05-22 02:43:46', '2017-05-22 03:28:46', 15, 'dasdfa'),
(277, 75, 9, 36, 96, 0, '2017-05-22 02:43:46', '2017-05-22 03:28:56', 16, 'asd'),
(278, 75, 9, 37, 99, 0, '2017-05-22 02:43:46', '2017-05-22 03:29:06', 17, 'asdfa'),
(279, 75, 9, 38, 104, 0, '2017-05-22 02:43:46', '2017-05-22 03:29:16', 18, NULL),
(280, 75, 9, 39, 108, 0, '2017-05-22 02:43:46', '2017-05-22 03:29:22', 19, NULL),
(281, 75, 9, 40, 112, 0, '2017-05-22 02:43:46', '2017-05-22 03:29:30', 20, NULL),
(282, 75, 9, 41, 115, 0, '2017-05-22 02:43:46', '2017-05-22 03:29:35', 21, NULL),
(283, 75, 9, 42, 117, 1, '2017-05-22 02:43:46', '2017-05-22 03:29:47', 22, 'asdfa'),
(284, 75, 9, 43, 121, 1, '2017-05-22 02:43:46', '2017-05-22 03:29:51', 23, NULL),
(285, 75, 9, 44, 127, 0, '2017-05-22 02:43:46', '2017-05-22 03:29:57', 24, 'asdf'),
(286, 75, 9, 45, 130, 0, '2017-05-22 02:43:46', '2017-05-22 03:30:02', 25, 'asdf'),
(287, 75, 9, 46, 134, 0, '2017-05-22 02:43:46', '2017-05-22 03:30:09', 26, 'asdf'),
(288, 75, 9, 47, 137, 1, '2017-05-22 02:43:46', '2017-05-22 03:30:14', 27, NULL),
(289, 75, 9, 48, 143, 0, '2017-05-22 02:43:46', '2017-05-22 03:30:24', 28, NULL),
(290, 75, 9, 49, 145, 1, '2017-05-22 02:43:46', '2017-05-22 03:30:34', 29, NULL),
(291, 75, 9, 50, 149, 1, '2017-05-22 02:43:46', '2017-05-22 03:30:39', 30, NULL),
(292, 75, 9, 51, 156, 0, '2017-05-22 02:43:46', '2017-05-22 03:30:49', 31, NULL),
(293, 75, 9, 52, 158, 0, '2017-05-22 02:43:46', '2017-05-22 03:30:58', 32, NULL),
(294, 75, 9, 53, 161, 1, '2017-05-22 02:43:46', '2017-05-22 03:31:11', 33, NULL),
(295, 75, 9, 54, 166, 0, '2017-05-22 02:43:46', '2017-05-22 03:31:20', 34, NULL),
(296, 75, 9, 55, 172, 0, '2017-05-22 02:43:46', '2017-05-22 03:31:37', 35, NULL),
(297, 75, 9, 56, 173, 1, '2017-05-22 02:43:46', '2017-05-22 03:32:05', 36, NULL),
(298, 75, 9, 57, 178, 0, '2017-05-22 02:43:46', '2017-05-22 03:32:15', 37, NULL),
(299, 75, 9, 58, 184, 0, '2017-05-22 02:43:46', '2017-05-22 03:32:21', 38, NULL),
(300, 75, 9, 59, 188, 0, '2017-05-22 02:43:46', '2017-05-22 03:32:29', 39, NULL),
(301, 75, 9, 60, 192, 0, '2017-05-22 02:43:46', '2017-05-22 03:32:36', 40, NULL),
(302, 75, 9, 61, 196, 0, '2017-05-22 02:43:46', '2017-05-22 03:32:41', 41, NULL),
(303, 75, 9, 62, 200, 0, '2017-05-22 02:43:46', '2017-05-22 03:32:50', 42, NULL),
(304, 75, 9, 63, 202, 0, '2017-05-22 02:43:46', '2017-05-22 03:32:59', 43, NULL),
(305, 75, 9, 64, 205, 1, '2017-05-22 02:43:46', '2017-05-22 03:33:06', 44, NULL),
(306, 75, 9, 65, 212, 0, '2017-05-22 02:43:46', '2017-05-22 03:33:11', 45, NULL),
(307, 75, 9, 66, 216, 0, '2017-05-22 02:43:46', '2017-05-22 03:33:16', 46, NULL),
(308, 75, 9, 67, 220, 0, '2017-05-22 02:43:46', '2017-05-22 03:33:22', 47, NULL),
(309, 75, 9, 68, 222, 0, '2017-05-22 02:43:46', '2017-05-22 03:33:32', 48, NULL),
(310, 75, 9, 69, 228, 0, '2017-05-22 02:43:46', '2017-05-22 03:33:37', 49, NULL),
(311, 75, 9, 70, 232, 0, '2017-05-22 02:43:46', '2017-05-22 03:33:44', 50, NULL),
(312, 76, 9, 21, 35, 0, '2017-05-22 03:56:25', '2017-05-22 04:00:20', 1, NULL),
(313, 76, 9, 22, 38, 0, '2017-05-22 03:56:25', '2017-05-22 04:05:12', 2, NULL),
(314, 76, 9, 23, 41, 1, '2017-05-22 03:56:25', '2017-05-22 04:06:14', 3, NULL),
(315, 76, 9, 24, 48, 0, '2017-05-22 03:56:25', '2017-05-22 04:07:45', 4, NULL),
(316, 76, 9, 25, 52, 0, '2017-05-22 03:56:25', '2017-05-22 04:08:04', 5, NULL),
(317, 76, 9, 26, 53, 1, '2017-05-22 03:56:25', '2017-05-22 04:09:47', 6, NULL),
(318, 76, 9, 27, 59, 0, '2017-05-22 03:56:25', '2017-05-22 04:09:59', 7, NULL),
(319, 76, 9, 28, 63, 0, '2017-05-22 03:56:25', '2017-05-22 04:10:18', 8, NULL),
(320, 76, 9, 29, 66, 0, '2017-05-22 03:56:25', '2017-05-22 04:10:34', 9, NULL),
(321, 76, 9, 30, 72, 0, '2017-05-22 03:56:25', '2017-05-22 04:10:47', 10, NULL),
(322, 76, 9, 31, 76, 0, '2017-05-22 03:56:25', '2017-05-22 04:11:04', 11, NULL),
(323, 76, 9, 32, 79, 0, '2017-05-22 03:56:25', '2017-05-22 04:11:17', 12, NULL),
(324, 76, 9, 33, 83, 0, '2017-05-22 03:56:25', '2017-05-22 04:11:27', 13, NULL),
(325, 76, 9, 34, 85, 1, '2017-05-22 03:56:25', '2017-05-22 04:11:36', 14, NULL),
(326, 76, 9, 35, 92, 0, '2017-05-22 03:56:25', '2017-05-22 04:11:45', 15, NULL),
(327, 76, 9, 36, 96, 0, '2017-05-22 03:56:25', '2017-05-22 04:11:56', 16, NULL),
(328, 76, 9, 37, 100, 0, '2017-05-22 03:56:25', '2017-05-22 04:12:02', 17, NULL),
(329, 76, 9, 38, 102, 0, '2017-05-22 03:56:25', '2017-05-22 04:12:11', 18, NULL),
(330, 76, 9, 39, 105, 1, '2017-05-22 03:56:25', '2017-05-22 04:12:18', 19, NULL),
(331, 76, 9, 40, 112, 0, '2017-05-22 03:56:25', '2017-05-22 04:12:26', 20, NULL),
(332, 76, 9, 41, 116, 0, '2017-05-22 03:56:25', '2017-05-22 04:12:32', 21, NULL),
(333, 76, 9, 42, 120, 0, '2017-05-22 03:56:25', '2017-05-22 04:12:39', 22, NULL),
(334, 76, 9, 43, 123, 0, '2017-05-22 03:56:25', '2017-05-22 04:12:46', 23, NULL),
(335, 76, 9, 44, 125, 1, '2017-05-22 03:56:25', '2017-05-22 04:12:52', 24, NULL),
(336, 76, 9, 45, 131, 0, '2017-05-22 03:56:25', '2017-05-22 04:12:59', 25, NULL),
(337, 76, 9, 46, 136, 0, '2017-05-22 03:56:25', '2017-05-22 04:13:08', 26, NULL),
(338, 76, 9, 47, 138, 0, '2017-05-22 03:56:25', '2017-05-22 04:13:25', 27, NULL),
(339, 76, 9, 48, 142, 0, '2017-05-22 03:56:25', '2017-05-22 04:13:37', 28, NULL),
(340, 76, 9, 49, 147, 0, '2017-05-22 03:56:25', '2017-05-22 04:13:46', 29, NULL),
(341, 76, 9, 50, 149, 1, '2017-05-22 03:56:25', '2017-05-22 04:13:54', 30, NULL),
(342, 76, 9, 51, 154, 0, '2017-05-22 03:56:25', '2017-05-22 04:14:07', 31, NULL),
(343, 76, 9, 52, 157, 1, '2017-05-22 03:56:25', '2017-05-22 04:14:16', 32, NULL),
(344, 76, 9, 53, 162, 0, '2017-05-22 03:56:25', '2017-05-22 04:14:25', 33, NULL),
(345, 76, 9, 54, 168, 0, '2017-05-22 03:56:25', '2017-05-22 04:14:34', 34, NULL),
(346, 76, 9, 55, 171, 0, '2017-05-22 03:56:25', '2017-05-22 04:14:41', 35, NULL),
(347, 76, 9, 56, 173, 1, '2017-05-22 03:56:25', '2017-05-22 04:14:49', 36, NULL),
(348, 76, 9, 57, 177, 1, '2017-05-22 03:56:25', '2017-05-22 04:14:56', 37, NULL),
(349, 76, 9, 58, 184, 0, '2017-05-22 03:56:25', '2017-05-22 04:15:01', 38, NULL),
(350, 76, 9, 59, 188, 0, '2017-05-22 03:56:25', '2017-05-22 04:15:09', 39, NULL),
(351, 76, 9, 60, 191, 0, '2017-05-22 03:56:25', '2017-05-22 04:15:15', 40, NULL),
(352, 76, 9, 61, 196, 0, '2017-05-22 03:56:25', '2017-05-22 04:15:22', 41, NULL),
(353, 76, 9, 62, 198, 0, '2017-05-22 03:56:25', '2017-05-22 04:15:31', 42, NULL),
(354, 76, 9, 63, 201, 1, '2017-05-22 03:56:25', '2017-05-22 04:15:38', 43, NULL),
(355, 76, 9, 64, 208, 0, '2017-05-22 03:56:25', '2017-05-22 04:15:45', 44, NULL),
(356, 76, 9, 65, 211, 0, '2017-05-22 03:56:25', '2017-05-22 04:15:55', 45, NULL),
(357, 76, 9, 66, 213, 1, '2017-05-22 03:56:25', '2017-05-22 04:16:00', 46, NULL),
(358, 76, 9, 67, 219, 0, '2017-05-22 03:56:25', '2017-05-22 04:16:08', 47, NULL),
(359, 76, 9, 68, 223, 0, '2017-05-22 03:56:25', '2017-05-22 04:16:16', 48, NULL),
(360, 76, 9, 69, 225, 1, '2017-05-22 03:56:25', '2017-05-22 04:16:23', 49, NULL),
(361, 76, 9, 70, 230, 0, '2017-05-22 03:56:25', '2017-05-22 04:16:36', 50, NULL),
(362, 77, 8, 15, 14, 0, '2017-05-24 02:50:05', '2017-05-24 02:50:16', 1, NULL),
(363, 77, 8, 16, 16, 1, '2017-05-24 02:50:05', '2017-05-24 02:50:23', 2, NULL),
(364, 77, 8, 17, 20, 0, '2017-05-24 02:50:05', '2017-05-24 04:49:43', 3, NULL),
(365, 77, 8, 18, NULL, NULL, '2017-05-24 02:50:05', '2017-05-24 02:50:05', 4, NULL),
(366, 77, 8, 19, NULL, NULL, '2017-05-24 02:50:05', '2017-05-24 02:50:05', 5, NULL),
(367, 77, 8, 20, NULL, NULL, '2017-05-24 02:50:05', '2017-05-24 02:50:05', 6, NULL),
(368, 78, 8, 15, 15, 1, '2017-05-24 05:08:08', '2017-05-24 05:12:04', 1, NULL),
(369, 78, 8, 16, 16, 1, '2017-05-24 05:08:08', '2017-05-24 05:14:37', 2, NULL),
(370, 78, 8, 17, 20, 0, '2017-05-24 05:08:08', '2017-05-24 05:16:40', 3, NULL),
(371, 78, 8, 18, 24, 0, '2017-05-24 05:08:08', '2017-05-24 05:25:29', 4, NULL),
(372, 78, 8, 19, 26, 0, '2017-05-24 05:08:08', '2017-05-24 05:35:21', 5, NULL),
(373, 78, 8, 20, 29, 0, '2017-05-24 05:08:08', '2017-05-24 05:48:11', 6, NULL),
(374, 79, 8, 15, 13, 0, '2017-05-24 05:08:18', '2017-05-24 05:12:07', 1, NULL),
(375, 79, 8, 16, 16, 1, '2017-05-24 05:08:18', '2017-05-24 05:14:34', 2, NULL),
(376, 79, 8, 17, 20, 0, '2017-05-24 05:08:18', '2017-05-24 05:16:38', 3, NULL),
(377, 79, 8, 18, 24, 0, '2017-05-24 05:08:18', '2017-05-24 05:25:09', 4, NULL),
(378, 79, 8, 19, 26, 0, '2017-05-24 05:08:18', '2017-05-24 05:35:28', 5, NULL),
(379, 79, 8, 20, 29, 0, '2017-05-24 05:08:18', '2017-05-24 05:40:31', 6, NULL),
(380, 80, 8, 15, 15, 1, '2017-05-28 07:08:28', '2017-05-28 07:08:37', 1, NULL),
(381, 80, 8, 16, 16, 1, '2017-05-28 07:08:28', '2017-05-28 07:08:43', 2, NULL),
(382, 80, 8, 17, 20, 0, '2017-05-28 07:08:28', '2017-05-28 07:08:49', 3, NULL),
(383, 80, 8, 18, 21, 0, '2017-05-28 07:08:28', '2017-05-28 07:08:55', 4, NULL),
(384, 80, 8, 19, 26, 0, '2017-05-28 07:08:28', '2017-05-28 07:09:00', 5, NULL),
(385, 80, 8, 20, 29, 0, '2017-05-28 07:08:28', '2017-05-28 07:09:06', 6, NULL),
(386, 81, 8, 15, 13, 1, '2017-05-28 07:10:08', '2017-05-28 07:16:16', 1, NULL),
(387, 81, 8, 16, 16, 1, '2017-05-28 07:10:08', '2017-05-28 07:12:49', 2, NULL),
(388, 81, 8, 17, 18, 1, '2017-05-28 07:10:08', '2017-05-28 07:19:02', 3, NULL),
(389, 81, 8, 18, 21, 1, '2017-05-28 07:10:08', '2017-05-28 07:20:06', 4, NULL),
(390, 81, 8, 19, 26, 1, '2017-05-28 07:10:08', '2017-05-28 07:20:27', 5, NULL),
(391, 81, 8, 20, 29, 1, '2017-05-28 07:10:08', '2017-05-28 07:20:33', 6, NULL),
(392, 82, 9, 21, NULL, NULL, '2017-05-30 19:36:13', '2017-05-30 19:36:13', 1, NULL),
(393, 82, 9, 22, NULL, NULL, '2017-05-30 19:36:13', '2017-05-30 19:36:13', 2, NULL),
(394, 82, 9, 23, NULL, NULL, '2017-05-30 19:36:13', '2017-05-30 19:36:13', 3, NULL),
(395, 82, 9, 24, NULL, NULL, '2017-05-30 19:36:13', '2017-05-30 19:36:13', 4, NULL),
(396, 82, 9, 25, NULL, NULL, '2017-05-30 19:36:13', '2017-05-30 19:36:13', 5, NULL),
(397, 82, 9, 26, NULL, NULL, '2017-05-30 19:36:13', '2017-05-30 19:36:13', 6, NULL),
(398, 82, 9, 27, NULL, NULL, '2017-05-30 19:36:13', '2017-05-30 19:36:13', 7, NULL),
(399, 82, 9, 28, NULL, NULL, '2017-05-30 19:36:13', '2017-05-30 19:36:13', 8, NULL),
(400, 82, 9, 29, NULL, NULL, '2017-05-30 19:36:13', '2017-05-30 19:36:13', 9, NULL),
(401, 82, 9, 30, NULL, NULL, '2017-05-30 19:36:13', '2017-05-30 19:36:13', 10, NULL),
(402, 82, 9, 31, NULL, NULL, '2017-05-30 19:36:13', '2017-05-30 19:36:13', 11, NULL),
(403, 82, 9, 32, NULL, NULL, '2017-05-30 19:36:13', '2017-05-30 19:36:13', 12, NULL),
(404, 82, 9, 33, NULL, NULL, '2017-05-30 19:36:13', '2017-05-30 19:36:13', 13, NULL),
(405, 82, 9, 34, NULL, NULL, '2017-05-30 19:36:13', '2017-05-30 19:36:13', 14, NULL),
(406, 82, 9, 35, NULL, NULL, '2017-05-30 19:36:13', '2017-05-30 19:36:13', 15, NULL),
(407, 82, 9, 36, NULL, NULL, '2017-05-30 19:36:13', '2017-05-30 19:36:13', 16, NULL),
(408, 82, 9, 37, NULL, NULL, '2017-05-30 19:36:13', '2017-05-30 19:36:13', 17, NULL),
(409, 82, 9, 38, NULL, NULL, '2017-05-30 19:36:13', '2017-05-30 19:36:13', 18, NULL),
(410, 82, 9, 39, NULL, NULL, '2017-05-30 19:36:13', '2017-05-30 19:36:13', 19, NULL),
(411, 82, 9, 40, NULL, NULL, '2017-05-30 19:36:13', '2017-05-30 19:36:13', 20, NULL),
(412, 82, 9, 41, NULL, NULL, '2017-05-30 19:36:13', '2017-05-30 19:36:13', 21, NULL),
(413, 82, 9, 42, NULL, NULL, '2017-05-30 19:36:13', '2017-05-30 19:36:13', 22, NULL),
(414, 82, 9, 43, NULL, NULL, '2017-05-30 19:36:13', '2017-05-30 19:36:13', 23, NULL),
(415, 82, 9, 44, NULL, NULL, '2017-05-30 19:36:13', '2017-05-30 19:36:13', 24, NULL),
(416, 82, 9, 45, NULL, NULL, '2017-05-30 19:36:13', '2017-05-30 19:36:13', 25, NULL),
(417, 82, 9, 46, NULL, NULL, '2017-05-30 19:36:13', '2017-05-30 19:36:13', 26, NULL),
(418, 82, 9, 47, NULL, NULL, '2017-05-30 19:36:13', '2017-05-30 19:36:13', 27, NULL),
(419, 82, 9, 48, NULL, NULL, '2017-05-30 19:36:13', '2017-05-30 19:36:13', 28, NULL),
(420, 82, 9, 49, NULL, NULL, '2017-05-30 19:36:13', '2017-05-30 19:36:13', 29, NULL),
(421, 82, 9, 50, NULL, NULL, '2017-05-30 19:36:13', '2017-05-30 19:36:13', 30, NULL),
(422, 82, 9, 51, NULL, NULL, '2017-05-30 19:36:13', '2017-05-30 19:36:13', 31, NULL),
(423, 82, 9, 52, NULL, NULL, '2017-05-30 19:36:13', '2017-05-30 19:36:13', 32, NULL),
(424, 82, 9, 53, NULL, NULL, '2017-05-30 19:36:13', '2017-05-30 19:36:13', 33, NULL),
(425, 82, 9, 54, NULL, NULL, '2017-05-30 19:36:13', '2017-05-30 19:36:13', 34, NULL),
(426, 82, 9, 55, NULL, NULL, '2017-05-30 19:36:13', '2017-05-30 19:36:13', 35, NULL),
(427, 82, 9, 56, NULL, NULL, '2017-05-30 19:36:13', '2017-05-30 19:36:13', 36, NULL),
(428, 82, 9, 57, NULL, NULL, '2017-05-30 19:36:13', '2017-05-30 19:36:13', 37, NULL),
(429, 82, 9, 58, NULL, NULL, '2017-05-30 19:36:13', '2017-05-30 19:36:13', 38, NULL),
(430, 82, 9, 59, NULL, NULL, '2017-05-30 19:36:13', '2017-05-30 19:36:13', 39, NULL),
(431, 82, 9, 60, NULL, NULL, '2017-05-30 19:36:13', '2017-05-30 19:36:13', 40, NULL),
(432, 82, 9, 61, NULL, NULL, '2017-05-30 19:36:13', '2017-05-30 19:36:13', 41, NULL),
(433, 82, 9, 62, NULL, NULL, '2017-05-30 19:36:13', '2017-05-30 19:36:13', 42, NULL),
(434, 82, 9, 63, NULL, NULL, '2017-05-30 19:36:13', '2017-05-30 19:36:13', 43, NULL),
(435, 82, 9, 64, NULL, NULL, '2017-05-30 19:36:13', '2017-05-30 19:36:13', 44, NULL),
(436, 82, 9, 65, NULL, NULL, '2017-05-30 19:36:13', '2017-05-30 19:36:13', 45, NULL),
(437, 82, 9, 66, NULL, NULL, '2017-05-30 19:36:13', '2017-05-30 19:36:13', 46, NULL),
(438, 82, 9, 67, NULL, NULL, '2017-05-30 19:36:13', '2017-05-30 19:36:13', 47, NULL),
(439, 82, 9, 68, NULL, NULL, '2017-05-30 19:36:13', '2017-05-30 19:36:13', 48, NULL),
(440, 82, 9, 69, NULL, NULL, '2017-05-30 19:36:13', '2017-05-30 19:36:13', 49, NULL),
(441, 82, 9, 70, NULL, NULL, '2017-05-30 19:36:13', '2017-05-30 19:36:13', 50, NULL),
(442, 83, 8, 15, 14, 1, '2017-06-09 22:13:03', '2017-06-09 22:15:46', 1, NULL),
(443, 83, 8, 16, 16, 1, '2017-06-09 22:13:03', '2017-06-09 22:17:50', 2, NULL),
(444, 83, 8, 17, 18, 1, '2017-06-09 22:13:03', '2017-06-09 22:21:18', 3, NULL),
(445, 83, 8, 18, 21, 1, '2017-06-09 22:13:03', '2017-06-09 22:25:26', 4, NULL),
(446, 83, 8, 19, 27, 1, '2017-06-09 22:13:03', '2017-06-09 22:28:01', 5, NULL),
(447, 83, 8, 20, 29, 1, '2017-06-09 22:13:03', '2017-06-09 22:33:19', 6, NULL),
(448, 84, 8, 15, 14, 1, '2017-06-09 22:38:57', '2017-06-09 22:39:23', 1, NULL),
(449, 84, 8, 16, 16, 1, '2017-06-09 22:38:57', '2017-06-09 22:39:30', 2, NULL),
(450, 84, 8, 17, 18, 1, '2017-06-09 22:38:57', '2017-06-09 22:39:40', 3, NULL),
(451, 84, 8, 18, 21, 1, '2017-06-09 22:38:57', '2017-06-09 22:39:53', 4, NULL),
(452, 84, 8, 19, 27, 1, '2017-06-09 22:38:57', '2017-06-09 22:40:02', 5, NULL),
(453, 84, 8, 20, 29, 1, '2017-06-09 22:38:57', '2017-06-09 22:40:11', 6, NULL),
(454, 85, 8, 15, NULL, NULL, '2017-06-10 05:57:29', '2017-06-10 05:57:29', 1, NULL),
(455, 85, 8, 16, NULL, NULL, '2017-06-10 05:57:29', '2017-06-10 05:57:29', 2, NULL),
(456, 85, 8, 17, NULL, NULL, '2017-06-10 05:57:29', '2017-06-10 05:57:29', 3, NULL),
(457, 85, 8, 18, NULL, NULL, '2017-06-10 05:57:29', '2017-06-10 05:57:29', 4, NULL),
(458, 85, 8, 19, NULL, NULL, '2017-06-10 05:57:29', '2017-06-10 05:57:29', 5, NULL),
(459, 85, 8, 20, NULL, NULL, '2017-06-10 05:57:29', '2017-06-10 05:57:29', 6, NULL),
(460, 86, 8, 15, 15, 1, '2017-06-12 14:52:03', '2017-06-12 15:04:50', 1, NULL),
(461, 86, 8, 16, 16, 1, '2017-06-12 14:52:03', '2017-06-12 15:05:47', 2, NULL),
(462, 86, 8, 17, NULL, NULL, '2017-06-12 14:52:03', '2017-06-12 14:52:03', 3, NULL),
(463, 86, 8, 18, NULL, NULL, '2017-06-12 14:52:03', '2017-06-12 14:52:03', 4, NULL),
(464, 86, 8, 19, NULL, NULL, '2017-06-12 14:52:03', '2017-06-12 14:52:03', 5, NULL),
(465, 86, 8, 20, NULL, NULL, '2017-06-12 14:52:03', '2017-06-12 14:52:03', 6, NULL),
(466, 87, 8, 15, 15, 1, '2017-06-14 05:21:12', '2017-06-14 05:25:02', 1, NULL),
(467, 87, 8, 16, 16, 1, '2017-06-14 05:21:12', '2017-06-14 05:27:39', 2, 'throw new Error(200, \"Invalid\");'),
(468, 87, 8, 17, 20, 1, '2017-06-14 05:21:12', '2017-06-14 05:29:57', 3, NULL),
(469, 87, 8, 18, 22, 1, '2017-06-14 05:21:12', '2017-06-14 05:34:20', 4, NULL),
(470, 87, 8, 19, 27, 1, '2017-06-14 05:21:12', '2017-06-14 05:36:34', 5, NULL),
(471, 87, 8, 20, 29, 1, '2017-06-14 05:21:12', '2017-06-14 05:40:44', 6, NULL),
(472, 88, 9, 21, 36, 1, '2017-06-25 16:45:55', '2017-06-25 16:47:04', 1, NULL),
(473, 88, 9, 22, 37, 1, '2017-06-25 16:45:55', '2017-06-25 16:48:39', 2, 'throw new Error(200,\"Invalid\");'),
(474, 88, 9, 23, NULL, NULL, '2017-06-25 16:45:55', '2017-06-25 16:45:55', 3, NULL),
(475, 88, 9, 24, NULL, NULL, '2017-06-25 16:45:55', '2017-06-25 16:45:55', 4, NULL),
(476, 88, 9, 25, NULL, NULL, '2017-06-25 16:45:55', '2017-06-25 16:45:55', 5, NULL),
(477, 88, 9, 26, NULL, NULL, '2017-06-25 16:45:55', '2017-06-25 16:45:55', 6, NULL),
(478, 88, 9, 27, NULL, NULL, '2017-06-25 16:45:55', '2017-06-25 16:45:55', 7, NULL),
(479, 88, 9, 28, NULL, NULL, '2017-06-25 16:45:55', '2017-06-25 16:45:55', 8, NULL),
(480, 88, 9, 29, NULL, NULL, '2017-06-25 16:45:55', '2017-06-25 16:45:55', 9, NULL),
(481, 88, 9, 30, NULL, NULL, '2017-06-25 16:45:55', '2017-06-25 16:45:55', 10, NULL),
(482, 88, 9, 31, NULL, NULL, '2017-06-25 16:45:55', '2017-06-25 16:45:55', 11, NULL),
(483, 88, 9, 32, NULL, NULL, '2017-06-25 16:45:55', '2017-06-25 16:45:55', 12, NULL),
(484, 88, 9, 33, NULL, NULL, '2017-06-25 16:45:55', '2017-06-25 16:45:55', 13, NULL),
(485, 88, 9, 34, NULL, NULL, '2017-06-25 16:45:55', '2017-06-25 16:45:55', 14, NULL),
(486, 88, 9, 35, NULL, NULL, '2017-06-25 16:45:55', '2017-06-25 16:45:55', 15, NULL),
(487, 88, 9, 36, NULL, NULL, '2017-06-25 16:45:55', '2017-06-25 16:45:55', 16, NULL),
(488, 88, 9, 37, NULL, NULL, '2017-06-25 16:45:55', '2017-06-25 16:45:55', 17, NULL),
(489, 88, 9, 38, NULL, NULL, '2017-06-25 16:45:55', '2017-06-25 16:45:55', 18, NULL),
(490, 88, 9, 39, NULL, NULL, '2017-06-25 16:45:55', '2017-06-25 16:45:55', 19, NULL),
(491, 88, 9, 40, NULL, NULL, '2017-06-25 16:45:55', '2017-06-25 16:45:55', 20, NULL),
(492, 88, 9, 41, NULL, NULL, '2017-06-25 16:45:55', '2017-06-25 16:45:55', 21, NULL),
(493, 88, 9, 42, NULL, NULL, '2017-06-25 16:45:55', '2017-06-25 16:45:55', 22, NULL),
(494, 88, 9, 43, NULL, NULL, '2017-06-25 16:45:55', '2017-06-25 16:45:55', 23, NULL),
(495, 88, 9, 44, NULL, NULL, '2017-06-25 16:45:55', '2017-06-25 16:45:55', 24, NULL),
(496, 88, 9, 45, NULL, NULL, '2017-06-25 16:45:55', '2017-06-25 16:45:55', 25, NULL),
(497, 88, 9, 46, NULL, NULL, '2017-06-25 16:45:55', '2017-06-25 16:45:55', 26, NULL),
(498, 88, 9, 47, NULL, NULL, '2017-06-25 16:45:55', '2017-06-25 16:45:55', 27, NULL),
(499, 88, 9, 48, NULL, NULL, '2017-06-25 16:45:55', '2017-06-25 16:45:55', 28, NULL),
(500, 88, 9, 49, NULL, NULL, '2017-06-25 16:45:55', '2017-06-25 16:45:55', 29, NULL),
(501, 88, 9, 50, NULL, NULL, '2017-06-25 16:45:55', '2017-06-25 16:45:55', 30, NULL),
(502, 88, 9, 51, NULL, NULL, '2017-06-25 16:45:55', '2017-06-25 16:45:55', 31, NULL),
(503, 88, 9, 52, NULL, NULL, '2017-06-25 16:45:55', '2017-06-25 16:45:55', 32, NULL),
(504, 88, 9, 53, NULL, NULL, '2017-06-25 16:45:55', '2017-06-25 16:45:55', 33, NULL),
(505, 88, 9, 54, NULL, NULL, '2017-06-25 16:45:55', '2017-06-25 16:45:55', 34, NULL),
(506, 88, 9, 55, NULL, NULL, '2017-06-25 16:45:55', '2017-06-25 16:45:55', 35, NULL),
(507, 88, 9, 56, NULL, NULL, '2017-06-25 16:45:55', '2017-06-25 16:45:55', 36, NULL),
(508, 88, 9, 57, NULL, NULL, '2017-06-25 16:45:55', '2017-06-25 16:45:55', 37, NULL),
(509, 88, 9, 58, NULL, NULL, '2017-06-25 16:45:55', '2017-06-25 16:45:55', 38, NULL),
(510, 88, 9, 59, NULL, NULL, '2017-06-25 16:45:55', '2017-06-25 16:45:55', 39, NULL),
(511, 88, 9, 60, NULL, NULL, '2017-06-25 16:45:55', '2017-06-25 16:45:55', 40, NULL),
(512, 88, 9, 61, NULL, NULL, '2017-06-25 16:45:55', '2017-06-25 16:45:55', 41, NULL),
(513, 88, 9, 62, NULL, NULL, '2017-06-25 16:45:55', '2017-06-25 16:45:55', 42, NULL),
(514, 88, 9, 63, NULL, NULL, '2017-06-25 16:45:55', '2017-06-25 16:45:55', 43, NULL),
(515, 88, 9, 64, NULL, NULL, '2017-06-25 16:45:55', '2017-06-25 16:45:55', 44, NULL),
(516, 88, 9, 65, NULL, NULL, '2017-06-25 16:45:55', '2017-06-25 16:45:55', 45, NULL),
(517, 88, 9, 66, NULL, NULL, '2017-06-25 16:45:55', '2017-06-25 16:45:55', 46, NULL),
(518, 88, 9, 67, NULL, NULL, '2017-06-25 16:45:55', '2017-06-25 16:45:55', 47, NULL),
(519, 88, 9, 68, NULL, NULL, '2017-06-25 16:45:55', '2017-06-25 16:45:55', 48, NULL),
(520, 88, 9, 69, NULL, NULL, '2017-06-25 16:45:55', '2017-06-25 16:45:55', 49, NULL),
(521, 88, 9, 70, NULL, NULL, '2017-06-25 16:45:55', '2017-06-25 16:45:55', 50, NULL),
(522, 89, 8, 15, 15, 1, '2017-07-06 00:44:10', '2017-07-06 00:45:28', 1, NULL),
(523, 89, 8, 16, 16, 1, '2017-07-06 00:44:10', '2017-07-06 00:47:33', 2, 'break'),
(524, 89, 8, 17, 18, 1, '2017-07-06 00:44:10', '2017-07-06 00:48:20', 3, NULL),
(525, 89, 8, 18, 23, 1, '2017-07-06 00:44:10', '2017-07-06 00:49:20', 4, NULL),
(526, 89, 8, 19, 26, 1, '2017-07-06 00:44:10', '2017-07-06 00:49:48', 5, NULL),
(527, 89, 8, 20, 31, 1, '2017-07-06 00:44:10', '2017-07-06 00:50:33', 6, NULL),
(528, 90, 10, 73, 234, 0, '2017-08-26 17:42:36', '2017-08-26 20:21:25', 1, 'Seguro 100 %'),
(529, 90, 10, 74, 237, 1, '2017-08-26 17:42:36', '2017-08-26 20:20:56', 2, NULL),
(530, 90, 10, 75, 244, 0, '2017-08-26 17:42:36', '2017-08-26 20:37:33', 3, NULL),
(531, 90, 10, 76, 247, 0, '2017-08-26 17:42:36', '2017-08-26 20:42:03', 4, NULL),
(532, 90, 10, 77, 252, 0, '2017-08-26 17:42:36', '2017-08-26 20:44:47', 5, NULL),
(533, 90, 10, 78, 255, 0, '2017-08-26 17:42:36', '2017-08-26 20:49:28', 6, NULL),
(534, 90, 10, 79, 258, 0, '2017-08-26 17:42:36', '2017-08-26 20:57:05', 7, NULL),
(535, 90, 10, 80, 262, 0, '2017-08-26 17:42:36', '2017-08-26 20:58:34', 8, NULL),
(536, 90, 10, 81, 266, 0, '2017-08-26 17:42:36', '2017-08-26 21:01:18', 9, NULL),
(537, 90, 10, 82, 270, 0, '2017-08-26 17:42:36', '2017-08-26 21:02:55', 10, NULL),
(538, 91, 10, 73, NULL, NULL, '2017-08-26 21:04:41', '2017-08-26 21:04:41', 1, NULL),
(539, 91, 10, 74, NULL, NULL, '2017-08-26 21:04:41', '2017-08-26 21:04:41', 2, NULL),
(540, 91, 10, 75, NULL, NULL, '2017-08-26 21:04:41', '2017-08-26 21:04:41', 3, NULL),
(541, 91, 10, 76, NULL, NULL, '2017-08-26 21:04:42', '2017-08-26 21:04:42', 4, NULL),
(542, 91, 10, 77, NULL, NULL, '2017-08-26 21:04:42', '2017-08-26 21:04:42', 5, NULL),
(543, 91, 10, 78, NULL, NULL, '2017-08-26 21:04:42', '2017-08-26 21:04:42', 6, NULL),
(544, 91, 10, 79, NULL, NULL, '2017-08-26 21:04:42', '2017-08-26 21:04:42', 7, NULL),
(545, 91, 10, 80, NULL, NULL, '2017-08-26 21:04:42', '2017-08-26 21:04:42', 8, NULL),
(546, 91, 10, 81, NULL, NULL, '2017-08-26 21:04:42', '2017-08-26 21:04:42', 9, NULL),
(547, 91, 10, 82, NULL, NULL, '2017-08-26 21:04:42', '2017-08-26 21:04:42', 10, NULL),
(548, 92, 10, 73, NULL, NULL, '2017-08-26 21:13:10', '2017-08-26 21:13:10', 1, NULL),
(549, 92, 10, 74, NULL, NULL, '2017-08-26 21:13:10', '2017-08-26 21:13:10', 2, NULL),
(550, 92, 10, 75, NULL, NULL, '2017-08-26 21:13:10', '2017-08-26 21:13:10', 3, NULL),
(551, 92, 10, 76, NULL, NULL, '2017-08-26 21:13:10', '2017-08-26 21:13:10', 4, NULL),
(552, 92, 10, 77, NULL, NULL, '2017-08-26 21:13:10', '2017-08-26 21:13:10', 5, NULL),
(553, 92, 10, 78, NULL, NULL, '2017-08-26 21:13:10', '2017-08-26 21:13:10', 6, NULL),
(554, 92, 10, 79, NULL, NULL, '2017-08-26 21:13:10', '2017-08-26 21:13:10', 7, NULL),
(555, 92, 10, 80, NULL, NULL, '2017-08-26 21:13:10', '2017-08-26 21:13:10', 8, NULL),
(556, 92, 10, 81, NULL, NULL, '2017-08-26 21:13:10', '2017-08-26 21:13:10', 9, NULL),
(557, 92, 10, 82, NULL, NULL, '2017-08-26 21:13:10', '2017-08-26 21:13:10', 10, NULL),
(558, 93, 10, 73, 234, 1, '2017-08-26 23:42:53', '2017-08-27 00:28:48', 1, NULL),
(559, 93, 10, 74, 237, 1, '2017-08-26 23:42:53', '2017-08-27 00:29:31', 2, NULL),
(560, 93, 10, 75, 244, 1, '2017-08-26 23:42:53', '2017-08-27 00:30:01', 3, NULL),
(561, 93, 10, 76, 247, 1, '2017-08-26 23:42:53', '2017-08-27 00:30:35', 4, NULL),
(562, 93, 10, 77, 252, 1, '2017-08-26 23:42:53', '2017-08-27 00:31:32', 5, NULL),
(563, 93, 10, 78, 256, 1, '2017-08-26 23:42:53', '2017-08-27 00:32:55', 6, NULL),
(564, 93, 10, 79, 258, 1, '2017-08-26 23:42:53', '2017-08-27 00:33:21', 7, NULL),
(565, 93, 10, 80, 262, 1, '2017-08-26 23:42:53', '2017-08-27 00:33:39', 8, NULL),
(566, 93, 10, 81, 266, 1, '2017-08-26 23:42:53', '2017-08-27 00:35:18', 9, NULL),
(567, 93, 10, 82, 270, 1, '2017-08-26 23:42:53', '2017-08-27 00:36:12', 10, NULL),
(568, 94, 10, 73, 233, 0, '2017-08-27 05:55:41', '2017-08-27 05:56:10', 1, NULL),
(569, 94, 10, 74, 237, 1, '2017-08-27 05:55:41', '2017-08-27 05:56:21', 2, NULL),
(570, 94, 10, 75, 241, 0, '2017-08-27 05:55:41', '2017-08-27 05:56:33', 3, NULL),
(571, 94, 10, 76, 246, 0, '2017-08-27 05:55:41', '2017-08-27 05:56:39', 4, NULL),
(572, 94, 10, 77, 249, 0, '2017-08-27 05:55:41', '2017-08-27 05:56:44', 5, NULL),
(573, 94, 10, 78, 256, 1, '2017-08-27 05:55:41', '2017-08-27 05:56:51', 6, NULL),
(574, 94, 10, 79, 257, 0, '2017-08-27 05:55:41', '2017-08-27 05:56:57', 7, NULL),
(575, 94, 10, 80, 261, 0, '2017-08-27 05:55:41', '2017-08-27 05:57:02', 8, NULL),
(576, 94, 10, 81, 268, 0, '2017-08-27 05:55:41', '2017-08-27 05:57:22', 9, NULL),
(577, 94, 10, 82, 269, 0, '2017-08-27 05:55:41', '2017-08-27 05:57:28', 10, NULL),
(578, 95, 10, 73, NULL, NULL, '2017-08-28 17:45:09', '2017-08-28 17:45:09', 1, NULL),
(579, 95, 10, 74, NULL, NULL, '2017-08-28 17:45:09', '2017-08-28 17:45:09', 2, NULL),
(580, 95, 10, 75, NULL, NULL, '2017-08-28 17:45:09', '2017-08-28 17:45:09', 3, NULL),
(581, 95, 10, 76, NULL, NULL, '2017-08-28 17:45:09', '2017-08-28 17:45:09', 4, NULL),
(582, 95, 10, 77, NULL, NULL, '2017-08-28 17:45:09', '2017-08-28 17:45:09', 5, NULL),
(583, 95, 10, 78, NULL, NULL, '2017-08-28 17:45:09', '2017-08-28 17:45:09', 6, NULL),
(584, 95, 10, 79, NULL, NULL, '2017-08-28 17:45:09', '2017-08-28 17:45:09', 7, NULL),
(585, 95, 10, 80, NULL, NULL, '2017-08-28 17:45:09', '2017-08-28 17:45:09', 8, NULL),
(586, 95, 10, 81, NULL, NULL, '2017-08-28 17:45:09', '2017-08-28 17:45:09', 9, NULL),
(587, 95, 10, 82, NULL, NULL, '2017-08-28 17:45:09', '2017-08-28 17:45:09', 10, NULL),
(588, 96, 10, 73, 234, 1, '2017-08-29 19:50:16', '2017-08-29 19:51:48', 1, NULL),
(589, 96, 10, 74, 237, 1, '2017-08-29 19:50:16', '2017-08-29 19:52:14', 2, NULL),
(590, 96, 10, 75, 244, 1, '2017-08-29 19:50:16', '2017-08-29 19:53:05', 3, NULL),
(591, 96, 10, 76, 246, 0, '2017-08-29 19:50:16', '2017-08-29 19:53:46', 4, NULL),
(592, 96, 10, 77, 252, 1, '2017-08-29 19:50:16', '2017-08-29 19:54:30', 5, NULL),
(593, 96, 10, 78, 254, 0, '2017-08-29 19:50:16', '2017-08-29 19:55:06', 6, NULL),
(594, 96, 10, 79, 258, 1, '2017-08-29 19:50:16', '2017-08-29 19:56:04', 7, NULL),
(595, 96, 10, 80, 263, 0, '2017-08-29 19:50:16', '2017-08-29 19:56:45', 8, NULL),
(596, 96, 10, 81, 266, 1, '2017-08-29 19:50:16', '2017-08-29 19:58:59', 9, NULL),
(597, 96, 10, 82, 271, 0, '2017-08-29 19:50:16', '2017-08-29 20:00:09', 10, NULL),
(598, 97, 8, 15, NULL, NULL, '2017-09-21 05:29:14', '2017-09-21 05:29:14', 1, NULL),
(599, 97, 8, 16, NULL, NULL, '2017-09-21 05:29:14', '2017-09-21 05:29:14', 2, NULL),
(600, 97, 8, 17, NULL, NULL, '2017-09-21 05:29:14', '2017-09-21 05:29:14', 3, NULL),
(601, 97, 8, 18, NULL, NULL, '2017-09-21 05:29:14', '2017-09-21 05:29:14', 4, NULL),
(602, 97, 8, 19, NULL, NULL, '2017-09-21 05:29:14', '2017-09-21 05:29:14', 5, NULL),
(603, 97, 8, 20, NULL, NULL, '2017-09-21 05:29:14', '2017-09-21 05:29:14', 6, NULL),
(604, 98, 10, 73, 234, 1, '2017-10-08 20:06:36', '2017-10-08 20:14:10', 1, NULL),
(605, 98, 10, 74, 237, 1, '2017-10-08 20:06:36', '2017-10-08 20:17:31', 2, NULL),
(606, 98, 10, 75, 242, 0, '2017-10-08 20:06:36', '2017-10-08 20:26:13', 3, NULL),
(607, 98, 10, 76, 248, 0, '2017-10-08 20:06:36', '2017-10-08 20:28:44', 4, NULL),
(608, 98, 10, 77, 252, 1, '2017-10-08 20:06:36', '2017-10-08 20:31:53', 5, NULL),
(609, 98, 10, 78, 255, 0, '2017-10-08 20:06:36', '2017-10-08 20:43:21', 6, NULL),
(610, 98, 10, 79, 258, 1, '2017-10-08 20:06:36', '2017-10-08 20:44:50', 7, NULL),
(611, 98, 10, 80, 262, 1, '2017-10-08 20:06:36', '2017-10-08 20:47:18', 8, NULL),
(612, 98, 10, 81, 268, 0, '2017-10-08 20:06:36', '2017-10-08 20:54:54', 9, NULL),
(613, 98, 10, 82, 270, 1, '2017-10-08 20:06:36', '2017-10-08 20:57:34', 10, NULL),
(614, 99, 8, 15, 15, 1, '2017-11-03 14:30:41', '2017-11-03 14:32:54', 1, NULL),
(615, 99, 8, 16, 16, 1, '2017-11-03 14:30:41', '2017-11-03 14:34:16', 2, NULL),
(616, 99, 8, 17, 20, 0, '2017-11-03 14:30:41', '2017-11-03 14:35:03', 3, NULL),
(617, 99, 8, 18, 22, 0, '2017-11-03 14:30:41', '2017-11-03 14:36:02', 4, NULL),
(618, 99, 8, 19, 26, 1, '2017-11-03 14:30:41', '2017-11-03 14:36:25', 5, NULL),
(619, 99, 8, 20, 29, 0, '2017-11-03 14:30:41', '2017-11-03 14:38:00', 6, NULL),
(620, 100, 8, 15, 14, 0, '2017-11-03 14:40:28', '2017-11-03 14:43:56', 1, NULL),
(621, 100, 8, 16, 16, 1, '2017-11-03 14:40:28', '2017-11-03 14:45:51', 2, NULL),
(622, 100, 8, 17, 20, 0, '2017-11-03 14:40:28', '2017-11-03 14:48:38', 3, NULL),
(623, 100, 8, 18, 24, 0, '2017-11-03 14:40:28', '2017-11-03 14:51:42', 4, NULL),
(624, 100, 8, 19, 26, 1, '2017-11-03 14:40:28', '2017-11-03 14:52:16', 5, NULL),
(625, 100, 8, 20, 30, 0, '2017-11-03 14:40:28', '2017-11-03 14:54:09', 6, NULL),
(626, 101, 8, 15, 15, 1, '2018-05-08 19:12:15', '2018-05-08 19:16:26', 1, NULL),
(627, 101, 8, 16, NULL, NULL, '2018-05-08 19:12:15', '2018-05-08 19:12:15', 2, NULL),
(628, 101, 8, 17, NULL, NULL, '2018-05-08 19:12:15', '2018-05-08 19:12:15', 3, NULL),
(629, 101, 8, 18, NULL, NULL, '2018-05-08 19:12:15', '2018-05-08 19:12:15', 4, NULL),
(630, 101, 8, 19, NULL, NULL, '2018-05-08 19:12:15', '2018-05-08 19:12:15', 5, NULL),
(631, 101, 8, 20, NULL, NULL, '2018-05-08 19:12:15', '2018-05-08 19:12:15', 6, NULL),
(632, 102, 8, 15, 13, 1, '2018-05-10 23:51:07', '2018-05-10 23:51:23', 1, NULL),
(633, 102, 8, 16, 16, 1, '2018-05-10 23:51:07', '2018-05-10 23:51:31', 2, NULL),
(634, 102, 8, 17, 20, 1, '2018-05-10 23:51:07', '2018-05-10 23:53:14', 3, NULL),
(635, 102, 8, 18, 24, 1, '2018-05-10 23:51:07', '2018-05-10 23:54:26', 4, NULL),
(636, 102, 8, 19, 26, 1, '2018-05-10 23:51:07', '2018-05-10 23:54:52', 5, NULL),
(637, 102, 8, 20, 29, 1, '2018-05-10 23:51:07', '2018-05-10 23:55:04', 6, NULL),
(638, 103, 10, 73, 236, 0, '2018-06-29 20:04:43', '2018-06-29 20:05:54', 1, NULL),
(639, 103, 10, 74, 237, 1, '2018-06-29 20:04:44', '2018-06-29 20:08:06', 2, NULL),
(640, 103, 10, 75, 244, 1, '2018-06-29 20:04:44', '2018-06-29 20:10:00', 3, NULL),
(641, 103, 10, 76, 245, 0, '2018-06-29 20:04:44', '2018-06-29 20:13:10', 4, NULL),
(642, 103, 10, 77, 252, 1, '2018-06-29 20:04:44', '2018-06-29 20:15:53', 5, NULL),
(643, 103, 10, 78, 254, 0, '2018-06-29 20:04:44', '2018-06-29 20:19:49', 6, NULL),
(644, 103, 10, 79, 258, 1, '2018-06-29 20:04:44', '2018-06-29 20:20:57', 7, NULL),
(645, 103, 10, 80, 262, 1, '2018-06-29 20:04:44', '2018-06-29 20:21:46', 8, NULL),
(646, 103, 10, 81, 268, 0, '2018-06-29 20:04:44', '2018-06-29 20:26:12', 9, NULL),
(647, 103, 10, 82, 270, 1, '2018-06-29 20:04:44', '2018-06-29 20:30:16', 10, NULL),
(648, 104, 8, 15, 14, 1, '2018-07-18 01:57:33', '2018-07-18 03:24:15', 1, 'la palabra degub no existe. la respuesta correcta seria:\r\ntry {\r\n        throw \'Has sucedido un error...\';\r\n} catch (e) {\r\n\r\n} finally {\r\n\r\n}'),
(649, 104, 8, 16, 16, 1, '2018-07-18 01:57:33', '2018-07-18 04:25:34', 2, 'primero es el invalid y luego el 200'),
(650, 104, 8, 17, 20, 1, '2018-07-18 01:57:33', '2018-07-18 04:28:53', 3, 'el number solo esta en internet explorer. '),
(651, 104, 8, 18, 21, 1, '2018-07-18 01:57:33', '2018-07-18 04:29:01', 4, NULL),
(652, 104, 8, 19, 25, 1, '2018-07-18 01:57:33', '2018-07-18 04:29:15', 5, NULL),
(653, 104, 8, 20, 29, 1, '2018-07-18 01:57:33', '2018-07-18 04:29:55', 6, NULL),
(654, 105, 8, 15, 14, 1, '2018-07-19 02:19:25', '2018-07-19 02:19:53', 1, NULL),
(655, 105, 8, 16, 16, 1, '2018-07-19 02:19:26', '2018-07-19 02:20:09', 2, NULL),
(656, 105, 8, 17, 20, 1, '2018-07-19 02:19:26', '2018-07-19 02:21:52', 3, NULL),
(657, 105, 8, 18, NULL, NULL, '2018-07-19 02:19:26', '2018-07-19 02:19:26', 4, NULL),
(658, 105, 8, 19, NULL, NULL, '2018-07-19 02:19:26', '2018-07-19 02:19:26', 5, NULL),
(659, 105, 8, 20, NULL, NULL, '2018-07-19 02:19:26', '2018-07-19 02:19:26', 6, NULL),
(660, 106, 8, 15, 14, 1, '2018-07-20 01:19:14', '2018-07-20 01:46:12', 1, NULL),
(661, 106, 8, 16, 16, 1, '2018-07-20 01:19:14', '2018-07-20 01:46:21', 2, NULL),
(662, 106, 8, 17, 20, 1, '2018-07-20 01:19:14', '2018-07-20 01:49:06', 3, NULL),
(663, 106, 8, 18, 21, 1, '2018-07-20 01:19:14', '2018-07-20 03:29:14', 4, NULL),
(664, 106, 8, 19, 26, 1, '2018-07-20 01:19:14', '2018-07-20 03:30:43', 5, NULL),
(665, 106, 8, 20, 29, 1, '2018-07-20 01:19:14', '2018-07-20 03:56:05', 6, 'corregir respuesta'),
(666, 107, 9, 21, 34, 1, '2018-07-20 03:57:57', '2018-07-20 04:00:06', 1, 'solo tres, try catch and finally'),
(667, 107, 9, 22, 37, 1, '2018-07-20 03:57:57', '2018-07-20 04:00:48', 2, 'throw new Error (200, \"Invalid\");'),
(668, 107, 9, 23, 44, 1, '2018-07-20 03:57:57', '2018-07-20 04:01:09', 3, 'Esta bien no revisar. '),
(669, 107, 9, 24, 45, 1, '2018-07-20 03:57:57', '2018-07-20 04:01:57', 4, 'Necesita tener dos respuestas positivas, seria un check box. en tal caso. mejor poner que elija en la imagne las dos. '),
(670, 107, 9, 25, 50, 1, '2018-07-20 03:57:57', '2018-07-20 04:02:17', 5, NULL),
(671, 107, 9, 26, 53, 1, '2018-07-20 03:57:57', '2018-07-20 04:03:05', 6, 'Revisar, poner imagen que corresponda a: \r\nfunction newOrder(orderId, orderShip, callback) {\r\n        document.write(\"New order being processed\");\r\n        callback();\r\n    }\r\n\r\n    newOrder(\"333\", \"EXPRESS\", function () {\r\n        alert(\"ya llego aqui\");\r\n    });'),
(672, 107, 9, 27, 57, 1, '2018-07-20 03:57:57', '2018-07-20 04:05:07', 7, NULL),
(673, 107, 9, 28, NULL, NULL, '2018-07-20 03:57:57', '2018-07-20 03:57:57', 8, NULL),
(674, 107, 9, 29, NULL, NULL, '2018-07-20 03:57:57', '2018-07-20 03:57:57', 9, NULL),
(675, 107, 9, 30, NULL, NULL, '2018-07-20 03:57:57', '2018-07-20 03:57:57', 10, NULL),
(676, 107, 9, 31, NULL, NULL, '2018-07-20 03:57:57', '2018-07-20 03:57:57', 11, NULL),
(677, 107, 9, 32, NULL, NULL, '2018-07-20 03:57:57', '2018-07-20 03:57:57', 12, NULL),
(678, 107, 9, 33, NULL, NULL, '2018-07-20 03:57:57', '2018-07-20 03:57:57', 13, NULL),
(679, 107, 9, 34, NULL, NULL, '2018-07-20 03:57:57', '2018-07-20 03:57:57', 14, NULL),
(680, 107, 9, 35, NULL, NULL, '2018-07-20 03:57:57', '2018-07-20 03:57:57', 15, NULL),
(681, 107, 9, 36, NULL, NULL, '2018-07-20 03:57:57', '2018-07-20 03:57:57', 16, NULL),
(682, 107, 9, 37, NULL, NULL, '2018-07-20 03:57:57', '2018-07-20 03:57:57', 17, NULL),
(683, 107, 9, 38, NULL, NULL, '2018-07-20 03:57:57', '2018-07-20 03:57:57', 18, NULL),
(684, 107, 9, 39, NULL, NULL, '2018-07-20 03:57:57', '2018-07-20 03:57:57', 19, NULL),
(685, 107, 9, 40, NULL, NULL, '2018-07-20 03:57:57', '2018-07-20 03:57:57', 20, NULL),
(686, 107, 9, 41, NULL, NULL, '2018-07-20 03:57:57', '2018-07-20 03:57:57', 21, NULL),
(687, 107, 9, 42, NULL, NULL, '2018-07-20 03:57:57', '2018-07-20 03:57:57', 22, NULL),
(688, 107, 9, 43, NULL, NULL, '2018-07-20 03:57:57', '2018-07-20 03:57:57', 23, NULL),
(689, 107, 9, 44, NULL, NULL, '2018-07-20 03:57:57', '2018-07-20 03:57:57', 24, NULL),
(690, 107, 9, 45, NULL, NULL, '2018-07-20 03:57:57', '2018-07-20 03:57:57', 25, NULL),
(691, 107, 9, 46, NULL, NULL, '2018-07-20 03:57:57', '2018-07-20 03:57:57', 26, NULL),
(692, 107, 9, 47, NULL, NULL, '2018-07-20 03:57:57', '2018-07-20 03:57:57', 27, NULL),
(693, 107, 9, 48, NULL, NULL, '2018-07-20 03:57:57', '2018-07-20 03:57:57', 28, NULL),
(694, 107, 9, 49, NULL, NULL, '2018-07-20 03:57:57', '2018-07-20 03:57:57', 29, NULL),
(695, 107, 9, 50, NULL, NULL, '2018-07-20 03:57:57', '2018-07-20 03:57:57', 30, NULL),
(696, 107, 9, 51, NULL, NULL, '2018-07-20 03:57:57', '2018-07-20 03:57:57', 31, NULL),
(697, 107, 9, 52, NULL, NULL, '2018-07-20 03:57:57', '2018-07-20 03:57:57', 32, NULL),
(698, 107, 9, 53, NULL, NULL, '2018-07-20 03:57:57', '2018-07-20 03:57:57', 33, NULL),
(699, 107, 9, 54, NULL, NULL, '2018-07-20 03:57:57', '2018-07-20 03:57:57', 34, NULL),
(700, 107, 9, 55, NULL, NULL, '2018-07-20 03:57:57', '2018-07-20 03:57:57', 35, NULL),
(701, 107, 9, 56, NULL, NULL, '2018-07-20 03:57:57', '2018-07-20 03:57:57', 36, NULL),
(702, 107, 9, 57, NULL, NULL, '2018-07-20 03:57:58', '2018-07-20 03:57:58', 37, NULL),
(703, 107, 9, 58, NULL, NULL, '2018-07-20 03:57:58', '2018-07-20 03:57:58', 38, NULL),
(704, 107, 9, 59, NULL, NULL, '2018-07-20 03:57:58', '2018-07-20 03:57:58', 39, NULL),
(705, 107, 9, 60, NULL, NULL, '2018-07-20 03:57:58', '2018-07-20 03:57:58', 40, NULL),
(706, 107, 9, 61, NULL, NULL, '2018-07-20 03:57:58', '2018-07-20 03:57:58', 41, NULL),
(707, 107, 9, 62, NULL, NULL, '2018-07-20 03:57:58', '2018-07-20 03:57:58', 42, NULL),
(708, 107, 9, 63, NULL, NULL, '2018-07-20 03:57:58', '2018-07-20 03:57:58', 43, NULL),
(709, 107, 9, 64, NULL, NULL, '2018-07-20 03:57:58', '2018-07-20 03:57:58', 44, NULL),
(710, 107, 9, 65, NULL, NULL, '2018-07-20 03:57:58', '2018-07-20 03:57:58', 45, NULL),
(711, 107, 9, 66, NULL, NULL, '2018-07-20 03:57:58', '2018-07-20 03:57:58', 46, NULL),
(712, 107, 9, 67, NULL, NULL, '2018-07-20 03:57:58', '2018-07-20 03:57:58', 47, NULL),
(713, 107, 9, 68, NULL, NULL, '2018-07-20 03:57:58', '2018-07-20 03:57:58', 48, NULL),
(714, 107, 9, 69, NULL, NULL, '2018-07-20 03:57:58', '2018-07-20 03:57:58', 49, NULL),
(715, 107, 9, 70, NULL, NULL, '2018-07-20 03:57:58', '2018-07-20 03:57:58', 50, NULL),
(716, 108, 9, 21, 33, 1, '2018-07-20 04:04:35', '2018-07-22 05:30:04', 1, NULL),
(717, 108, 9, 22, 37, 1, '2018-07-20 04:04:35', '2018-07-22 05:30:11', 2, NULL),
(718, 108, 9, 23, 44, 1, '2018-07-20 04:04:35', '2018-07-22 05:30:31', 3, NULL),
(719, 108, 9, 24, 45, 1, '2018-07-20 04:04:35', '2018-07-22 05:30:35', 4, NULL),
(720, 108, 9, 25, 50, 1, '2018-07-20 04:04:35', '2018-07-22 05:30:39', 5, NULL),
(721, 108, 9, 26, 53, 1, '2018-07-20 04:04:35', '2018-07-22 05:43:22', 6, NULL),
(722, 108, 9, 27, 59, 1, '2018-07-20 04:04:35', '2018-07-22 05:43:48', 7, NULL),
(723, 108, 9, 28, 63, 1, '2018-07-20 04:04:35', '2018-07-22 15:28:03', 8, NULL),
(724, 108, 9, 29, NULL, NULL, '2018-07-20 04:04:35', '2018-07-20 04:04:35', 9, NULL),
(725, 108, 9, 30, NULL, NULL, '2018-07-20 04:04:35', '2018-07-20 04:04:35', 10, NULL),
(726, 108, 9, 31, NULL, NULL, '2018-07-20 04:04:35', '2018-07-20 04:04:35', 11, NULL),
(727, 108, 9, 32, NULL, NULL, '2018-07-20 04:04:35', '2018-07-20 04:04:35', 12, NULL),
(728, 108, 9, 33, NULL, NULL, '2018-07-20 04:04:35', '2018-07-20 04:04:35', 13, NULL),
(729, 108, 9, 34, NULL, NULL, '2018-07-20 04:04:35', '2018-07-20 04:04:35', 14, NULL),
(730, 108, 9, 35, NULL, NULL, '2018-07-20 04:04:35', '2018-07-20 04:04:35', 15, NULL),
(731, 108, 9, 36, NULL, NULL, '2018-07-20 04:04:35', '2018-07-20 04:04:35', 16, NULL),
(732, 108, 9, 37, NULL, NULL, '2018-07-20 04:04:35', '2018-07-20 04:04:35', 17, NULL),
(733, 108, 9, 38, NULL, NULL, '2018-07-20 04:04:35', '2018-07-20 04:04:35', 18, NULL),
(734, 108, 9, 39, NULL, NULL, '2018-07-20 04:04:35', '2018-07-20 04:04:35', 19, NULL),
(735, 108, 9, 40, NULL, NULL, '2018-07-20 04:04:35', '2018-07-20 04:04:35', 20, NULL),
(736, 108, 9, 41, NULL, NULL, '2018-07-20 04:04:35', '2018-07-20 04:04:35', 21, NULL),
(737, 108, 9, 42, NULL, NULL, '2018-07-20 04:04:35', '2018-07-20 04:04:35', 22, NULL),
(738, 108, 9, 43, NULL, NULL, '2018-07-20 04:04:35', '2018-07-20 04:04:35', 23, NULL),
(739, 108, 9, 44, NULL, NULL, '2018-07-20 04:04:35', '2018-07-20 04:04:35', 24, NULL),
(740, 108, 9, 45, NULL, NULL, '2018-07-20 04:04:35', '2018-07-20 04:04:35', 25, NULL),
(741, 108, 9, 46, NULL, NULL, '2018-07-20 04:04:35', '2018-07-20 04:04:35', 26, NULL),
(742, 108, 9, 47, NULL, NULL, '2018-07-20 04:04:35', '2018-07-20 04:04:35', 27, NULL),
(743, 108, 9, 48, NULL, NULL, '2018-07-20 04:04:35', '2018-07-20 04:04:35', 28, NULL),
(744, 108, 9, 49, NULL, NULL, '2018-07-20 04:04:35', '2018-07-20 04:04:35', 29, NULL),
(745, 108, 9, 50, NULL, NULL, '2018-07-20 04:04:35', '2018-07-20 04:04:35', 30, NULL),
(746, 108, 9, 51, NULL, NULL, '2018-07-20 04:04:35', '2018-07-20 04:04:35', 31, NULL),
(747, 108, 9, 52, NULL, NULL, '2018-07-20 04:04:35', '2018-07-20 04:04:35', 32, NULL),
(748, 108, 9, 53, NULL, NULL, '2018-07-20 04:04:35', '2018-07-20 04:04:35', 33, NULL),
(749, 108, 9, 54, NULL, NULL, '2018-07-20 04:04:35', '2018-07-20 04:04:35', 34, NULL),
(750, 108, 9, 55, NULL, NULL, '2018-07-20 04:04:35', '2018-07-20 04:04:35', 35, NULL),
(751, 108, 9, 56, NULL, NULL, '2018-07-20 04:04:35', '2018-07-20 04:04:35', 36, NULL),
(752, 108, 9, 57, NULL, NULL, '2018-07-20 04:04:35', '2018-07-20 04:04:35', 37, NULL),
(753, 108, 9, 58, NULL, NULL, '2018-07-20 04:04:35', '2018-07-20 04:04:35', 38, NULL),
(754, 108, 9, 59, NULL, NULL, '2018-07-20 04:04:35', '2018-07-20 04:04:35', 39, NULL),
(755, 108, 9, 60, NULL, NULL, '2018-07-20 04:04:35', '2018-07-20 04:04:35', 40, NULL),
(756, 108, 9, 61, NULL, NULL, '2018-07-20 04:04:35', '2018-07-20 04:04:35', 41, NULL),
(757, 108, 9, 62, NULL, NULL, '2018-07-20 04:04:35', '2018-07-20 04:04:35', 42, NULL),
(758, 108, 9, 63, NULL, NULL, '2018-07-20 04:04:35', '2018-07-20 04:04:35', 43, NULL),
(759, 108, 9, 64, NULL, NULL, '2018-07-20 04:04:35', '2018-07-20 04:04:35', 44, NULL),
(760, 108, 9, 65, NULL, NULL, '2018-07-20 04:04:35', '2018-07-20 04:04:35', 45, NULL),
(761, 108, 9, 66, NULL, NULL, '2018-07-20 04:04:35', '2018-07-20 04:04:35', 46, NULL),
(762, 108, 9, 67, NULL, NULL, '2018-07-20 04:04:35', '2018-07-20 04:04:35', 47, NULL),
(763, 108, 9, 68, NULL, NULL, '2018-07-20 04:04:35', '2018-07-20 04:04:35', 48, NULL),
(764, 108, 9, 69, NULL, NULL, '2018-07-20 04:04:35', '2018-07-20 04:04:35', 49, NULL),
(765, 108, 9, 70, NULL, NULL, '2018-07-20 04:04:35', '2018-07-20 04:04:35', 50, NULL),
(766, 109, 9, 21, NULL, NULL, '2018-07-20 04:30:09', '2018-07-20 04:30:09', 1, NULL),
(767, 109, 9, 22, NULL, NULL, '2018-07-20 04:30:09', '2018-07-20 04:30:09', 2, NULL),
(768, 109, 9, 23, NULL, NULL, '2018-07-20 04:30:09', '2018-07-20 04:30:09', 3, NULL),
(769, 109, 9, 24, NULL, NULL, '2018-07-20 04:30:09', '2018-07-20 04:30:09', 4, NULL),
(770, 109, 9, 25, NULL, NULL, '2018-07-20 04:30:09', '2018-07-20 04:30:09', 5, NULL),
(771, 109, 9, 26, NULL, NULL, '2018-07-20 04:30:09', '2018-07-20 04:30:09', 6, NULL),
(772, 109, 9, 27, NULL, NULL, '2018-07-20 04:30:09', '2018-07-20 04:30:09', 7, NULL),
(773, 109, 9, 28, NULL, NULL, '2018-07-20 04:30:09', '2018-07-20 04:30:09', 8, NULL),
(774, 109, 9, 29, NULL, NULL, '2018-07-20 04:30:09', '2018-07-20 04:30:09', 9, NULL),
(775, 109, 9, 30, NULL, NULL, '2018-07-20 04:30:09', '2018-07-20 04:30:09', 10, NULL),
(776, 109, 9, 31, NULL, NULL, '2018-07-20 04:30:09', '2018-07-20 04:30:09', 11, NULL),
(777, 109, 9, 32, NULL, NULL, '2018-07-20 04:30:09', '2018-07-20 04:30:09', 12, NULL),
(778, 109, 9, 33, NULL, NULL, '2018-07-20 04:30:09', '2018-07-20 04:30:09', 13, NULL),
(779, 109, 9, 34, NULL, NULL, '2018-07-20 04:30:09', '2018-07-20 04:30:09', 14, NULL),
(780, 109, 9, 35, NULL, NULL, '2018-07-20 04:30:09', '2018-07-20 04:30:09', 15, NULL),
(781, 109, 9, 36, NULL, NULL, '2018-07-20 04:30:09', '2018-07-20 04:30:09', 16, NULL),
(782, 109, 9, 37, NULL, NULL, '2018-07-20 04:30:09', '2018-07-20 04:30:09', 17, NULL),
(783, 109, 9, 38, NULL, NULL, '2018-07-20 04:30:09', '2018-07-20 04:30:09', 18, NULL),
(784, 109, 9, 39, NULL, NULL, '2018-07-20 04:30:09', '2018-07-20 04:30:09', 19, NULL),
(785, 109, 9, 40, NULL, NULL, '2018-07-20 04:30:09', '2018-07-20 04:30:09', 20, NULL),
(786, 109, 9, 41, NULL, NULL, '2018-07-20 04:30:09', '2018-07-20 04:30:09', 21, NULL),
(787, 109, 9, 42, NULL, NULL, '2018-07-20 04:30:09', '2018-07-20 04:30:09', 22, NULL),
(788, 109, 9, 43, NULL, NULL, '2018-07-20 04:30:09', '2018-07-20 04:30:09', 23, NULL),
(789, 109, 9, 44, NULL, NULL, '2018-07-20 04:30:09', '2018-07-20 04:30:09', 24, NULL),
(790, 109, 9, 45, NULL, NULL, '2018-07-20 04:30:09', '2018-07-20 04:30:09', 25, NULL),
(791, 109, 9, 46, NULL, NULL, '2018-07-20 04:30:09', '2018-07-20 04:30:09', 26, NULL),
(792, 109, 9, 47, NULL, NULL, '2018-07-20 04:30:09', '2018-07-20 04:30:09', 27, NULL),
(793, 109, 9, 48, NULL, NULL, '2018-07-20 04:30:09', '2018-07-20 04:30:09', 28, NULL),
(794, 109, 9, 49, NULL, NULL, '2018-07-20 04:30:09', '2018-07-20 04:30:09', 29, NULL),
(795, 109, 9, 50, NULL, NULL, '2018-07-20 04:30:09', '2018-07-20 04:30:09', 30, NULL),
(796, 109, 9, 51, NULL, NULL, '2018-07-20 04:30:09', '2018-07-20 04:30:09', 31, NULL),
(797, 109, 9, 52, NULL, NULL, '2018-07-20 04:30:09', '2018-07-20 04:30:09', 32, NULL),
(798, 109, 9, 53, NULL, NULL, '2018-07-20 04:30:09', '2018-07-20 04:30:09', 33, NULL),
(799, 109, 9, 54, NULL, NULL, '2018-07-20 04:30:09', '2018-07-20 04:30:09', 34, NULL),
(800, 109, 9, 55, NULL, NULL, '2018-07-20 04:30:09', '2018-07-20 04:30:09', 35, NULL),
(801, 109, 9, 56, NULL, NULL, '2018-07-20 04:30:09', '2018-07-20 04:30:09', 36, NULL),
(802, 109, 9, 57, NULL, NULL, '2018-07-20 04:30:09', '2018-07-20 04:30:09', 37, NULL),
(803, 109, 9, 58, NULL, NULL, '2018-07-20 04:30:09', '2018-07-20 04:30:09', 38, NULL),
(804, 109, 9, 59, NULL, NULL, '2018-07-20 04:30:09', '2018-07-20 04:30:09', 39, NULL),
(805, 109, 9, 60, NULL, NULL, '2018-07-20 04:30:09', '2018-07-20 04:30:09', 40, NULL),
(806, 109, 9, 61, NULL, NULL, '2018-07-20 04:30:09', '2018-07-20 04:30:09', 41, NULL),
(807, 109, 9, 62, NULL, NULL, '2018-07-20 04:30:09', '2018-07-20 04:30:09', 42, NULL),
(808, 109, 9, 63, NULL, NULL, '2018-07-20 04:30:09', '2018-07-20 04:30:09', 43, NULL),
(809, 109, 9, 64, NULL, NULL, '2018-07-20 04:30:09', '2018-07-20 04:30:09', 44, NULL),
(810, 109, 9, 65, NULL, NULL, '2018-07-20 04:30:09', '2018-07-20 04:30:09', 45, NULL),
(811, 109, 9, 66, NULL, NULL, '2018-07-20 04:30:09', '2018-07-20 04:30:09', 46, NULL),
(812, 109, 9, 67, NULL, NULL, '2018-07-20 04:30:09', '2018-07-20 04:30:09', 47, NULL),
(813, 109, 9, 68, NULL, NULL, '2018-07-20 04:30:09', '2018-07-20 04:30:09', 48, NULL),
(814, 109, 9, 69, NULL, NULL, '2018-07-20 04:30:09', '2018-07-20 04:30:09', 49, NULL),
(815, 109, 9, 70, NULL, NULL, '2018-07-20 04:30:09', '2018-07-20 04:30:09', 50, NULL),
(816, 110, 9, 21, NULL, NULL, '2018-07-20 04:31:20', '2018-07-20 04:31:20', 1, NULL),
(817, 110, 9, 22, NULL, NULL, '2018-07-20 04:31:20', '2018-07-20 04:31:20', 2, NULL),
(818, 110, 9, 23, NULL, NULL, '2018-07-20 04:31:20', '2018-07-20 04:31:20', 3, NULL),
(819, 110, 9, 24, NULL, NULL, '2018-07-20 04:31:20', '2018-07-20 04:31:20', 4, NULL),
(820, 110, 9, 25, NULL, NULL, '2018-07-20 04:31:20', '2018-07-20 04:31:20', 5, NULL),
(821, 110, 9, 26, NULL, NULL, '2018-07-20 04:31:20', '2018-07-20 04:31:20', 6, NULL),
(822, 110, 9, 27, NULL, NULL, '2018-07-20 04:31:20', '2018-07-20 04:31:20', 7, NULL),
(823, 110, 9, 28, NULL, NULL, '2018-07-20 04:31:20', '2018-07-20 04:31:20', 8, NULL),
(824, 110, 9, 29, NULL, NULL, '2018-07-20 04:31:20', '2018-07-20 04:31:20', 9, NULL),
(825, 110, 9, 30, NULL, NULL, '2018-07-20 04:31:20', '2018-07-20 04:31:20', 10, NULL),
(826, 110, 9, 31, NULL, NULL, '2018-07-20 04:31:20', '2018-07-20 04:31:20', 11, NULL),
(827, 110, 9, 32, NULL, NULL, '2018-07-20 04:31:20', '2018-07-20 04:31:20', 12, NULL),
(828, 110, 9, 33, NULL, NULL, '2018-07-20 04:31:20', '2018-07-20 04:31:20', 13, NULL),
(829, 110, 9, 34, NULL, NULL, '2018-07-20 04:31:20', '2018-07-20 04:31:20', 14, NULL),
(830, 110, 9, 35, NULL, NULL, '2018-07-20 04:31:20', '2018-07-20 04:31:20', 15, NULL),
(831, 110, 9, 36, NULL, NULL, '2018-07-20 04:31:20', '2018-07-20 04:31:20', 16, NULL),
(832, 110, 9, 37, NULL, NULL, '2018-07-20 04:31:20', '2018-07-20 04:31:20', 17, NULL),
(833, 110, 9, 38, NULL, NULL, '2018-07-20 04:31:20', '2018-07-20 04:31:20', 18, NULL),
(834, 110, 9, 39, NULL, NULL, '2018-07-20 04:31:20', '2018-07-20 04:31:20', 19, NULL),
(835, 110, 9, 40, NULL, NULL, '2018-07-20 04:31:20', '2018-07-20 04:31:20', 20, NULL),
(836, 110, 9, 41, NULL, NULL, '2018-07-20 04:31:20', '2018-07-20 04:31:20', 21, NULL);
INSERT INTO `tomarexamendetalles` (`id`, `TomarExamenId`, `ExamenId`, `PreguntaId`, `OpcionId`, `Correcto`, `created_at`, `updated_at`, `Orden`, `Comentario`) VALUES
(837, 110, 9, 42, NULL, NULL, '2018-07-20 04:31:20', '2018-07-20 04:31:20', 22, NULL),
(838, 110, 9, 43, NULL, NULL, '2018-07-20 04:31:20', '2018-07-20 04:31:20', 23, NULL),
(839, 110, 9, 44, NULL, NULL, '2018-07-20 04:31:20', '2018-07-20 04:31:20', 24, NULL),
(840, 110, 9, 45, NULL, NULL, '2018-07-20 04:31:20', '2018-07-20 04:31:20', 25, NULL),
(841, 110, 9, 46, NULL, NULL, '2018-07-20 04:31:20', '2018-07-20 04:31:20', 26, NULL),
(842, 110, 9, 47, NULL, NULL, '2018-07-20 04:31:20', '2018-07-20 04:31:20', 27, NULL),
(843, 110, 9, 48, NULL, NULL, '2018-07-20 04:31:20', '2018-07-20 04:31:20', 28, NULL),
(844, 110, 9, 49, NULL, NULL, '2018-07-20 04:31:20', '2018-07-20 04:31:20', 29, NULL),
(845, 110, 9, 50, NULL, NULL, '2018-07-20 04:31:20', '2018-07-20 04:31:20', 30, NULL),
(846, 110, 9, 51, NULL, NULL, '2018-07-20 04:31:20', '2018-07-20 04:31:20', 31, NULL),
(847, 110, 9, 52, NULL, NULL, '2018-07-20 04:31:20', '2018-07-20 04:31:20', 32, NULL),
(848, 110, 9, 53, NULL, NULL, '2018-07-20 04:31:20', '2018-07-20 04:31:20', 33, NULL),
(849, 110, 9, 54, NULL, NULL, '2018-07-20 04:31:20', '2018-07-20 04:31:20', 34, NULL),
(850, 110, 9, 55, NULL, NULL, '2018-07-20 04:31:20', '2018-07-20 04:31:20', 35, NULL),
(851, 110, 9, 56, NULL, NULL, '2018-07-20 04:31:20', '2018-07-20 04:31:20', 36, NULL),
(852, 110, 9, 57, NULL, NULL, '2018-07-20 04:31:20', '2018-07-20 04:31:20', 37, NULL),
(853, 110, 9, 58, NULL, NULL, '2018-07-20 04:31:20', '2018-07-20 04:31:20', 38, NULL),
(854, 110, 9, 59, NULL, NULL, '2018-07-20 04:31:20', '2018-07-20 04:31:20', 39, NULL),
(855, 110, 9, 60, NULL, NULL, '2018-07-20 04:31:20', '2018-07-20 04:31:20', 40, NULL),
(856, 110, 9, 61, NULL, NULL, '2018-07-20 04:31:20', '2018-07-20 04:31:20', 41, NULL),
(857, 110, 9, 62, NULL, NULL, '2018-07-20 04:31:20', '2018-07-20 04:31:20', 42, NULL),
(858, 110, 9, 63, NULL, NULL, '2018-07-20 04:31:20', '2018-07-20 04:31:20', 43, NULL),
(859, 110, 9, 64, NULL, NULL, '2018-07-20 04:31:20', '2018-07-20 04:31:20', 44, NULL),
(860, 110, 9, 65, NULL, NULL, '2018-07-20 04:31:20', '2018-07-20 04:31:20', 45, NULL),
(861, 110, 9, 66, NULL, NULL, '2018-07-20 04:31:20', '2018-07-20 04:31:20', 46, NULL),
(862, 110, 9, 67, NULL, NULL, '2018-07-20 04:31:20', '2018-07-20 04:31:20', 47, NULL),
(863, 110, 9, 68, NULL, NULL, '2018-07-20 04:31:20', '2018-07-20 04:31:20', 48, NULL),
(864, 110, 9, 69, NULL, NULL, '2018-07-20 04:31:20', '2018-07-20 04:31:20', 49, NULL),
(865, 110, 9, 70, NULL, NULL, '2018-07-20 04:31:20', '2018-07-20 04:31:20', 50, NULL),
(866, 111, 9, 21, 33, 1, '2018-07-21 22:57:42', '2018-07-21 22:58:08', 1, NULL),
(867, 111, 9, 22, 37, 1, '2018-07-21 22:57:42', '2018-07-21 22:58:36', 2, NULL),
(868, 111, 9, 23, 44, 1, '2018-07-21 22:57:42', '2018-07-21 22:58:45', 3, NULL),
(869, 111, 9, 24, 45, 1, '2018-07-21 22:57:42', '2018-07-21 22:58:53', 4, NULL),
(870, 111, 9, 25, 50, 1, '2018-07-21 22:57:42', '2018-07-21 22:59:00', 5, NULL),
(871, 111, 9, 26, 53, 1, '2018-07-21 22:57:42', '2018-07-21 22:59:11', 6, NULL),
(872, 111, 9, 27, NULL, NULL, '2018-07-21 22:57:42', '2018-07-21 22:57:42', 7, NULL),
(873, 111, 9, 28, NULL, NULL, '2018-07-21 22:57:42', '2018-07-21 22:57:42', 8, NULL),
(874, 111, 9, 29, NULL, NULL, '2018-07-21 22:57:42', '2018-07-21 22:57:42', 9, NULL),
(875, 111, 9, 30, NULL, NULL, '2018-07-21 22:57:42', '2018-07-21 22:57:42', 10, NULL),
(876, 111, 9, 31, NULL, NULL, '2018-07-21 22:57:42', '2018-07-21 22:57:42', 11, NULL),
(877, 111, 9, 32, NULL, NULL, '2018-07-21 22:57:42', '2018-07-21 22:57:42', 12, NULL),
(878, 111, 9, 33, NULL, NULL, '2018-07-21 22:57:42', '2018-07-21 22:57:42', 13, NULL),
(879, 111, 9, 34, NULL, NULL, '2018-07-21 22:57:42', '2018-07-21 22:57:42', 14, NULL),
(880, 111, 9, 35, NULL, NULL, '2018-07-21 22:57:42', '2018-07-21 22:57:42', 15, NULL),
(881, 111, 9, 36, NULL, NULL, '2018-07-21 22:57:42', '2018-07-21 22:57:42', 16, NULL),
(882, 111, 9, 37, NULL, NULL, '2018-07-21 22:57:42', '2018-07-21 22:57:42', 17, NULL),
(883, 111, 9, 38, NULL, NULL, '2018-07-21 22:57:42', '2018-07-21 22:57:42', 18, NULL),
(884, 111, 9, 39, NULL, NULL, '2018-07-21 22:57:42', '2018-07-21 22:57:42', 19, NULL),
(885, 111, 9, 40, NULL, NULL, '2018-07-21 22:57:42', '2018-07-21 22:57:42', 20, NULL),
(886, 111, 9, 41, NULL, NULL, '2018-07-21 22:57:42', '2018-07-21 22:57:42', 21, NULL),
(887, 111, 9, 42, NULL, NULL, '2018-07-21 22:57:42', '2018-07-21 22:57:42', 22, NULL),
(888, 111, 9, 43, NULL, NULL, '2018-07-21 22:57:42', '2018-07-21 22:57:42', 23, NULL),
(889, 111, 9, 44, NULL, NULL, '2018-07-21 22:57:42', '2018-07-21 22:57:42', 24, NULL),
(890, 111, 9, 45, NULL, NULL, '2018-07-21 22:57:42', '2018-07-21 22:57:42', 25, NULL),
(891, 111, 9, 46, NULL, NULL, '2018-07-21 22:57:42', '2018-07-21 22:57:42', 26, NULL),
(892, 111, 9, 47, NULL, NULL, '2018-07-21 22:57:42', '2018-07-21 22:57:42', 27, NULL),
(893, 111, 9, 48, NULL, NULL, '2018-07-21 22:57:42', '2018-07-21 22:57:42', 28, NULL),
(894, 111, 9, 49, NULL, NULL, '2018-07-21 22:57:42', '2018-07-21 22:57:42', 29, NULL),
(895, 111, 9, 50, NULL, NULL, '2018-07-21 22:57:42', '2018-07-21 22:57:42', 30, NULL),
(896, 111, 9, 51, NULL, NULL, '2018-07-21 22:57:42', '2018-07-21 22:57:42', 31, NULL),
(897, 111, 9, 52, NULL, NULL, '2018-07-21 22:57:42', '2018-07-21 22:57:42', 32, NULL),
(898, 111, 9, 53, NULL, NULL, '2018-07-21 22:57:42', '2018-07-21 22:57:42', 33, NULL),
(899, 111, 9, 54, NULL, NULL, '2018-07-21 22:57:42', '2018-07-21 22:57:42', 34, NULL),
(900, 111, 9, 55, NULL, NULL, '2018-07-21 22:57:42', '2018-07-21 22:57:42', 35, NULL),
(901, 111, 9, 56, NULL, NULL, '2018-07-21 22:57:42', '2018-07-21 22:57:42', 36, NULL),
(902, 111, 9, 57, NULL, NULL, '2018-07-21 22:57:42', '2018-07-21 22:57:42', 37, NULL),
(903, 111, 9, 58, NULL, NULL, '2018-07-21 22:57:42', '2018-07-21 22:57:42', 38, NULL),
(904, 111, 9, 59, NULL, NULL, '2018-07-21 22:57:42', '2018-07-21 22:57:42', 39, NULL),
(905, 111, 9, 60, NULL, NULL, '2018-07-21 22:57:42', '2018-07-21 22:57:42', 40, NULL),
(906, 111, 9, 61, NULL, NULL, '2018-07-21 22:57:42', '2018-07-21 22:57:42', 41, NULL),
(907, 111, 9, 62, NULL, NULL, '2018-07-21 22:57:42', '2018-07-21 22:57:42', 42, NULL),
(908, 111, 9, 63, NULL, NULL, '2018-07-21 22:57:42', '2018-07-21 22:57:42', 43, NULL),
(909, 111, 9, 64, NULL, NULL, '2018-07-21 22:57:42', '2018-07-21 22:57:42', 44, NULL),
(910, 111, 9, 65, NULL, NULL, '2018-07-21 22:57:42', '2018-07-21 22:57:42', 45, NULL),
(911, 111, 9, 66, NULL, NULL, '2018-07-21 22:57:42', '2018-07-21 22:57:42', 46, NULL),
(912, 111, 9, 67, NULL, NULL, '2018-07-21 22:57:42', '2018-07-21 22:57:42', 47, NULL),
(913, 111, 9, 68, NULL, NULL, '2018-07-21 22:57:42', '2018-07-21 22:57:42', 48, NULL),
(914, 111, 9, 69, NULL, NULL, '2018-07-21 22:57:42', '2018-07-21 22:57:42', 49, NULL),
(915, 111, 9, 70, NULL, NULL, '2018-07-21 22:57:42', '2018-07-21 22:57:42', 50, NULL),
(916, 112, 9, 21, 34, 1, '2018-07-22 17:47:25', '2018-07-22 17:47:36', 1, NULL),
(917, 112, 9, 22, 38, 1, '2018-07-22 17:47:25', '2018-07-22 17:47:45', 2, NULL),
(918, 112, 9, 23, 44, 1, '2018-07-22 17:47:25', '2018-07-22 17:47:54', 3, NULL),
(919, 112, 9, 24, 45, 1, '2018-07-22 17:47:25', '2018-07-22 17:48:02', 4, NULL),
(920, 112, 9, 25, 50, 1, '2018-07-22 17:47:25', '2018-07-22 17:48:54', 5, NULL),
(921, 112, 9, 26, 54, 1, '2018-07-22 17:47:25', '2018-07-22 17:49:03', 6, NULL),
(922, 112, 9, 27, 59, 1, '2018-07-22 17:47:25', '2018-07-22 17:49:19', 7, NULL),
(923, 112, 9, 28, 63, 1, '2018-07-22 17:47:25', '2018-07-22 20:52:25', 8, NULL),
(924, 112, 9, 29, 65, 1, '2018-07-22 17:47:25', '2018-07-22 22:36:15', 9, NULL),
(925, 112, 9, 30, 70, 1, '2018-07-22 17:47:25', '2018-07-22 23:51:29', 10, NULL),
(926, 112, 9, 31, 73, 1, '2018-07-22 17:47:25', '2018-07-23 00:29:52', 11, 'Poner la imagen correcta\r\n'),
(927, 112, 9, 32, 77, 1, '2018-07-22 17:47:25', '2018-07-23 00:38:26', 12, NULL),
(928, 112, 9, 33, 84, 1, '2018-07-22 17:47:25', '2018-07-23 01:03:34', 13, 'var languages = [];\r\n			var items = $(\"#languages li\");\r\n			for(var i = 0, l = items.length; i < l; i++)\r\n				languages.push(items[i].innerHTML);\r\n			languages.sort();\r\n			for(var i = 0, l = items.length; i < l; i++)\r\n				items[i].innerHTML = languages[i];'),
(929, 112, 9, 34, 85, 1, '2018-07-22 17:47:25', '2018-07-23 03:42:31', 14, '$(\"#footer\").html(\"All right reserved\");'),
(930, 112, 9, 35, 89, 1, '2018-07-22 17:47:25', '2018-07-23 03:48:44', 15, 'Product: <input name=\'product\' list=\'product_list\'>\r\n<datalist id=\"product_list\">\r\n  <option value=\"Car\">\r\n  <option value=\"Boat\">\r\n</datalist>'),
(931, 112, 9, 36, 93, 1, '2018-07-22 17:47:25', '2018-07-23 03:54:48', 16, 'function start(){\r\n			var counter = 10;\r\n			var fun = function(){\r\n				counter = 20;\r\n			}\r\n			return counter;\r\n		}'),
(932, 112, 9, 37, 97, 1, '2018-07-22 17:47:25', '2018-07-23 03:59:48', 17, '0 porque se esta declarando nuevamente la variable. '),
(933, 112, 9, 38, 101, 1, '2018-07-22 17:47:25', '2018-07-23 04:16:40', 18, NULL),
(934, 112, 9, 39, NULL, NULL, '2018-07-22 17:47:25', '2018-07-22 17:47:25', 19, NULL),
(935, 112, 9, 40, NULL, NULL, '2018-07-22 17:47:25', '2018-07-22 17:47:25', 20, NULL),
(936, 112, 9, 41, NULL, NULL, '2018-07-22 17:47:25', '2018-07-22 17:47:25', 21, NULL),
(937, 112, 9, 42, NULL, NULL, '2018-07-22 17:47:25', '2018-07-22 17:47:25', 22, NULL),
(938, 112, 9, 43, NULL, NULL, '2018-07-22 17:47:25', '2018-07-22 17:47:25', 23, NULL),
(939, 112, 9, 44, NULL, NULL, '2018-07-22 17:47:25', '2018-07-22 17:47:25', 24, NULL),
(940, 112, 9, 45, NULL, NULL, '2018-07-22 17:47:25', '2018-07-22 17:47:25', 25, NULL),
(941, 112, 9, 46, NULL, NULL, '2018-07-22 17:47:25', '2018-07-22 17:47:25', 26, NULL),
(942, 112, 9, 47, NULL, NULL, '2018-07-22 17:47:25', '2018-07-22 17:47:25', 27, NULL),
(943, 112, 9, 48, NULL, NULL, '2018-07-22 17:47:25', '2018-07-22 17:47:25', 28, NULL),
(944, 112, 9, 49, NULL, NULL, '2018-07-22 17:47:25', '2018-07-22 17:47:25', 29, NULL),
(945, 112, 9, 50, NULL, NULL, '2018-07-22 17:47:25', '2018-07-22 17:47:25', 30, NULL),
(946, 112, 9, 51, NULL, NULL, '2018-07-22 17:47:25', '2018-07-22 17:47:25', 31, NULL),
(947, 112, 9, 52, NULL, NULL, '2018-07-22 17:47:26', '2018-07-22 17:47:26', 32, NULL),
(948, 112, 9, 53, NULL, NULL, '2018-07-22 17:47:26', '2018-07-22 17:47:26', 33, NULL),
(949, 112, 9, 54, NULL, NULL, '2018-07-22 17:47:26', '2018-07-22 17:47:26', 34, NULL),
(950, 112, 9, 55, NULL, NULL, '2018-07-22 17:47:26', '2018-07-22 17:47:26', 35, NULL),
(951, 112, 9, 56, NULL, NULL, '2018-07-22 17:47:26', '2018-07-22 17:47:26', 36, NULL),
(952, 112, 9, 57, NULL, NULL, '2018-07-22 17:47:26', '2018-07-22 17:47:26', 37, NULL),
(953, 112, 9, 58, NULL, NULL, '2018-07-22 17:47:26', '2018-07-22 17:47:26', 38, NULL),
(954, 112, 9, 59, NULL, NULL, '2018-07-22 17:47:26', '2018-07-22 17:47:26', 39, NULL),
(955, 112, 9, 60, NULL, NULL, '2018-07-22 17:47:26', '2018-07-22 17:47:26', 40, NULL),
(956, 112, 9, 61, NULL, NULL, '2018-07-22 17:47:26', '2018-07-22 17:47:26', 41, NULL),
(957, 112, 9, 62, NULL, NULL, '2018-07-22 17:47:26', '2018-07-22 17:47:26', 42, NULL),
(958, 112, 9, 63, NULL, NULL, '2018-07-22 17:47:26', '2018-07-22 17:47:26', 43, NULL),
(959, 112, 9, 64, NULL, NULL, '2018-07-22 17:47:26', '2018-07-22 17:47:26', 44, NULL),
(960, 112, 9, 65, NULL, NULL, '2018-07-22 17:47:26', '2018-07-22 17:47:26', 45, NULL),
(961, 112, 9, 66, NULL, NULL, '2018-07-22 17:47:26', '2018-07-22 17:47:26', 46, NULL),
(962, 112, 9, 67, NULL, NULL, '2018-07-22 17:47:26', '2018-07-22 17:47:26', 47, NULL),
(963, 112, 9, 68, NULL, NULL, '2018-07-22 17:47:26', '2018-07-22 17:47:26', 48, NULL),
(964, 112, 9, 69, NULL, NULL, '2018-07-22 17:47:26', '2018-07-22 17:47:26', 49, NULL),
(965, 112, 9, 70, NULL, NULL, '2018-07-22 17:47:26', '2018-07-22 17:47:26', 50, NULL),
(966, 113, 9, 21, 33, 1, '2018-07-23 19:51:13', '2018-07-23 19:51:19', 1, NULL),
(967, 113, 9, 22, 37, 1, '2018-07-23 19:51:13', '2018-07-23 19:51:33', 2, NULL),
(968, 113, 9, 23, 44, 1, '2018-07-23 19:51:13', '2018-07-23 19:51:40', 3, NULL),
(969, 113, 9, 24, 45, 1, '2018-07-23 19:51:13', '2018-07-23 19:51:50', 4, NULL),
(970, 113, 9, 25, 50, 1, '2018-07-23 19:51:13', '2018-07-23 19:51:55', 5, NULL),
(971, 113, 9, 26, 53, 1, '2018-07-23 19:51:13', '2018-07-23 19:52:00', 6, NULL),
(972, 113, 9, 27, 60, 1, '2018-07-23 19:51:13', '2018-07-23 19:54:05', 7, NULL),
(973, 113, 9, 28, 63, 1, '2018-07-23 19:51:13', '2018-07-23 20:01:31', 8, NULL),
(974, 113, 9, 29, 65, 1, '2018-07-23 19:51:13', '2018-07-23 20:03:47', 9, NULL),
(975, 113, 9, 30, 70, 1, '2018-07-23 19:51:13', '2018-07-23 20:05:17', 10, NULL),
(976, 113, 9, 31, 73, 1, '2018-07-23 19:51:13', '2018-07-23 20:11:58', 11, NULL),
(977, 113, 9, 32, 77, 1, '2018-07-23 19:51:13', '2018-07-23 20:14:29', 12, NULL),
(978, 113, 9, 33, 81, 1, '2018-07-23 19:51:13', '2018-07-23 20:18:32', 13, NULL),
(979, 113, 9, 34, 85, 1, '2018-07-23 19:51:13', '2018-07-23 20:21:16', 14, NULL),
(980, 113, 9, 35, 89, 1, '2018-07-23 19:51:13', '2018-07-23 20:25:57', 15, NULL),
(981, 113, 9, 36, 93, 1, '2018-07-23 19:51:13', '2018-07-23 20:28:55', 16, NULL),
(982, 113, 9, 37, 97, 1, '2018-07-23 19:51:13', '2018-07-23 20:31:54', 17, NULL),
(983, 113, 9, 38, 101, 1, '2018-07-23 19:51:13', '2018-07-23 20:38:35', 18, NULL),
(984, 113, 9, 39, 105, 1, '2018-07-23 19:51:13', '2018-07-23 20:42:09', 19, NULL),
(985, 113, 9, 40, NULL, NULL, '2018-07-23 19:51:13', '2018-07-23 19:51:13', 20, NULL),
(986, 113, 9, 41, NULL, NULL, '2018-07-23 19:51:13', '2018-07-23 19:51:13', 21, NULL),
(987, 113, 9, 42, NULL, NULL, '2018-07-23 19:51:13', '2018-07-23 19:51:13', 22, NULL),
(988, 113, 9, 43, NULL, NULL, '2018-07-23 19:51:13', '2018-07-23 19:51:13', 23, NULL),
(989, 113, 9, 44, NULL, NULL, '2018-07-23 19:51:13', '2018-07-23 19:51:13', 24, NULL),
(990, 113, 9, 45, NULL, NULL, '2018-07-23 19:51:13', '2018-07-23 19:51:13', 25, NULL),
(991, 113, 9, 46, NULL, NULL, '2018-07-23 19:51:13', '2018-07-23 19:51:13', 26, NULL),
(992, 113, 9, 47, NULL, NULL, '2018-07-23 19:51:13', '2018-07-23 19:51:13', 27, NULL),
(993, 113, 9, 48, NULL, NULL, '2018-07-23 19:51:13', '2018-07-23 19:51:13', 28, NULL),
(994, 113, 9, 49, NULL, NULL, '2018-07-23 19:51:13', '2018-07-23 19:51:13', 29, NULL),
(995, 113, 9, 50, NULL, NULL, '2018-07-23 19:51:13', '2018-07-23 19:51:13', 30, NULL),
(996, 113, 9, 51, NULL, NULL, '2018-07-23 19:51:13', '2018-07-23 19:51:13', 31, NULL),
(997, 113, 9, 52, NULL, NULL, '2018-07-23 19:51:13', '2018-07-23 19:51:13', 32, NULL),
(998, 113, 9, 53, NULL, NULL, '2018-07-23 19:51:13', '2018-07-23 19:51:13', 33, NULL),
(999, 113, 9, 54, NULL, NULL, '2018-07-23 19:51:13', '2018-07-23 19:51:13', 34, NULL),
(1000, 113, 9, 55, NULL, NULL, '2018-07-23 19:51:13', '2018-07-23 19:51:13', 35, NULL),
(1001, 113, 9, 56, NULL, NULL, '2018-07-23 19:51:13', '2018-07-23 19:51:13', 36, NULL),
(1002, 113, 9, 57, NULL, NULL, '2018-07-23 19:51:13', '2018-07-23 19:51:13', 37, NULL),
(1003, 113, 9, 58, NULL, NULL, '2018-07-23 19:51:13', '2018-07-23 19:51:13', 38, NULL),
(1004, 113, 9, 59, NULL, NULL, '2018-07-23 19:51:13', '2018-07-23 19:51:13', 39, NULL),
(1005, 113, 9, 60, NULL, NULL, '2018-07-23 19:51:13', '2018-07-23 19:51:13', 40, NULL),
(1006, 113, 9, 61, NULL, NULL, '2018-07-23 19:51:13', '2018-07-23 19:51:13', 41, NULL),
(1007, 113, 9, 62, NULL, NULL, '2018-07-23 19:51:13', '2018-07-23 19:51:13', 42, NULL),
(1008, 113, 9, 63, NULL, NULL, '2018-07-23 19:51:13', '2018-07-23 19:51:13', 43, NULL),
(1009, 113, 9, 64, NULL, NULL, '2018-07-23 19:51:13', '2018-07-23 19:51:13', 44, NULL),
(1010, 113, 9, 65, NULL, NULL, '2018-07-23 19:51:13', '2018-07-23 19:51:13', 45, NULL),
(1011, 113, 9, 66, NULL, NULL, '2018-07-23 19:51:13', '2018-07-23 19:51:13', 46, NULL),
(1012, 113, 9, 67, NULL, NULL, '2018-07-23 19:51:13', '2018-07-23 19:51:13', 47, NULL),
(1013, 113, 9, 68, NULL, NULL, '2018-07-23 19:51:13', '2018-07-23 19:51:13', 48, NULL),
(1014, 113, 9, 69, NULL, NULL, '2018-07-23 19:51:13', '2018-07-23 19:51:13', 49, NULL),
(1015, 113, 9, 70, NULL, NULL, '2018-07-23 19:51:13', '2018-07-23 19:51:13', 50, NULL),
(1016, 114, 10, 73, 233, 0, '2018-07-23 20:46:08', '2018-07-23 20:47:29', 1, NULL),
(1017, 114, 10, 74, NULL, NULL, '2018-07-23 20:46:08', '2018-07-23 20:46:08', 2, NULL),
(1018, 114, 10, 75, NULL, NULL, '2018-07-23 20:46:08', '2018-07-23 20:46:08', 3, NULL),
(1019, 114, 10, 76, NULL, NULL, '2018-07-23 20:46:08', '2018-07-23 20:46:08', 4, NULL),
(1020, 114, 10, 77, NULL, NULL, '2018-07-23 20:46:08', '2018-07-23 20:46:08', 5, NULL),
(1021, 114, 10, 78, NULL, NULL, '2018-07-23 20:46:08', '2018-07-23 20:46:08', 6, NULL),
(1022, 114, 10, 79, NULL, NULL, '2018-07-23 20:46:08', '2018-07-23 20:46:08', 7, NULL),
(1023, 114, 10, 80, NULL, NULL, '2018-07-23 20:46:08', '2018-07-23 20:46:08', 8, NULL),
(1024, 114, 10, 81, NULL, NULL, '2018-07-23 20:46:08', '2018-07-23 20:46:08', 9, NULL),
(1025, 114, 10, 82, NULL, NULL, '2018-07-23 20:46:08', '2018-07-23 20:46:08', 10, NULL),
(1026, 115, 9, 21, 34, 1, '2018-08-16 20:59:17', '2018-08-16 20:59:35', 1, NULL),
(1027, 115, 9, 22, 37, 1, '2018-08-16 20:59:17', '2018-08-16 20:59:43', 2, NULL),
(1028, 115, 9, 23, 44, 1, '2018-08-16 20:59:17', '2018-08-16 21:00:05', 3, NULL),
(1029, 115, 9, 24, 45, 1, '2018-08-16 20:59:17', '2018-08-16 21:00:42', 4, NULL),
(1030, 115, 9, 25, 50, 1, '2018-08-16 20:59:18', '2018-08-16 21:01:26', 5, NULL),
(1031, 115, 9, 26, 53, 1, '2018-08-16 20:59:18', '2018-08-16 21:02:34', 6, NULL),
(1032, 115, 9, 27, 58, 1, '2018-08-16 20:59:18', '2018-08-16 21:08:39', 7, NULL),
(1033, 115, 9, 28, 63, 1, '2018-08-16 20:59:18', '2018-08-16 21:09:19', 8, NULL),
(1034, 115, 9, 29, 66, 1, '2018-08-16 20:59:18', '2018-08-16 21:09:30', 9, NULL),
(1035, 115, 9, 30, 70, 1, '2018-08-16 20:59:18', '2018-08-16 21:10:52', 10, NULL),
(1036, 115, 9, 31, 73, 1, '2018-08-16 20:59:18', '2018-08-16 21:11:23', 11, NULL),
(1037, 115, 9, 32, 80, 1, '2018-08-16 20:59:18', '2018-08-16 21:12:23', 12, NULL),
(1038, 115, 9, 33, 81, 1, '2018-08-16 20:59:18', '2018-08-16 21:13:18', 13, NULL),
(1039, 115, 9, 34, 85, 1, '2018-08-16 20:59:18', '2018-08-16 21:13:51', 14, NULL),
(1040, 115, 9, 35, 89, 1, '2018-08-16 20:59:18', '2018-08-16 21:14:13', 15, NULL),
(1041, 115, 9, 36, 93, 1, '2018-08-16 20:59:18', '2018-08-16 21:15:06', 16, NULL),
(1042, 115, 9, 37, 97, 1, '2018-08-16 20:59:18', '2018-08-16 22:32:29', 17, NULL),
(1043, 115, 9, 38, 101, 1, '2018-08-16 20:59:18', '2018-08-16 22:38:04', 18, NULL),
(1044, 115, 9, 39, 105, 1, '2018-08-16 20:59:18', '2018-08-16 22:57:14', 19, NULL),
(1045, 115, 9, 40, 112, 1, '2018-08-16 20:59:18', '2018-08-16 22:58:25', 20, NULL),
(1046, 115, 9, 41, NULL, NULL, '2018-08-16 20:59:18', '2018-08-16 20:59:18', 21, NULL),
(1047, 115, 9, 42, NULL, NULL, '2018-08-16 20:59:18', '2018-08-16 20:59:18', 22, NULL),
(1048, 115, 9, 43, NULL, NULL, '2018-08-16 20:59:18', '2018-08-16 20:59:18', 23, NULL),
(1049, 115, 9, 44, NULL, NULL, '2018-08-16 20:59:18', '2018-08-16 20:59:18', 24, NULL),
(1050, 115, 9, 45, NULL, NULL, '2018-08-16 20:59:18', '2018-08-16 20:59:18', 25, NULL),
(1051, 115, 9, 46, NULL, NULL, '2018-08-16 20:59:18', '2018-08-16 20:59:18', 26, NULL),
(1052, 115, 9, 47, NULL, NULL, '2018-08-16 20:59:18', '2018-08-16 20:59:18', 27, NULL),
(1053, 115, 9, 48, NULL, NULL, '2018-08-16 20:59:18', '2018-08-16 20:59:18', 28, NULL),
(1054, 115, 9, 49, NULL, NULL, '2018-08-16 20:59:18', '2018-08-16 20:59:18', 29, NULL),
(1055, 115, 9, 50, NULL, NULL, '2018-08-16 20:59:18', '2018-08-16 20:59:18', 30, NULL),
(1056, 115, 9, 51, NULL, NULL, '2018-08-16 20:59:18', '2018-08-16 20:59:18', 31, NULL),
(1057, 115, 9, 52, NULL, NULL, '2018-08-16 20:59:18', '2018-08-16 20:59:18', 32, NULL),
(1058, 115, 9, 53, NULL, NULL, '2018-08-16 20:59:18', '2018-08-16 20:59:18', 33, NULL),
(1059, 115, 9, 54, NULL, NULL, '2018-08-16 20:59:18', '2018-08-16 20:59:18', 34, NULL),
(1060, 115, 9, 55, NULL, NULL, '2018-08-16 20:59:18', '2018-08-16 20:59:18', 35, NULL),
(1061, 115, 9, 56, NULL, NULL, '2018-08-16 20:59:18', '2018-08-16 20:59:18', 36, NULL),
(1062, 115, 9, 57, NULL, NULL, '2018-08-16 20:59:18', '2018-08-16 20:59:18', 37, NULL),
(1063, 115, 9, 58, NULL, NULL, '2018-08-16 20:59:18', '2018-08-16 20:59:18', 38, NULL),
(1064, 115, 9, 59, NULL, NULL, '2018-08-16 20:59:18', '2018-08-16 20:59:18', 39, NULL),
(1065, 115, 9, 60, NULL, NULL, '2018-08-16 20:59:18', '2018-08-16 20:59:18', 40, NULL),
(1066, 115, 9, 61, NULL, NULL, '2018-08-16 20:59:18', '2018-08-16 20:59:18', 41, NULL),
(1067, 115, 9, 62, NULL, NULL, '2018-08-16 20:59:18', '2018-08-16 20:59:18', 42, NULL),
(1068, 115, 9, 63, NULL, NULL, '2018-08-16 20:59:18', '2018-08-16 20:59:18', 43, NULL),
(1069, 115, 9, 64, NULL, NULL, '2018-08-16 20:59:18', '2018-08-16 20:59:18', 44, NULL),
(1070, 115, 9, 65, NULL, NULL, '2018-08-16 20:59:18', '2018-08-16 20:59:18', 45, NULL),
(1071, 115, 9, 66, NULL, NULL, '2018-08-16 20:59:18', '2018-08-16 20:59:18', 46, NULL),
(1072, 115, 9, 67, NULL, NULL, '2018-08-16 20:59:18', '2018-08-16 20:59:18', 47, NULL),
(1073, 115, 9, 68, NULL, NULL, '2018-08-16 20:59:18', '2018-08-16 20:59:18', 48, NULL),
(1074, 115, 9, 69, NULL, NULL, '2018-08-16 20:59:18', '2018-08-16 20:59:18', 49, NULL),
(1075, 115, 9, 70, NULL, NULL, '2018-08-16 20:59:18', '2018-08-16 20:59:18', 50, NULL),
(1076, 116, 8, 15, NULL, NULL, '2018-08-17 20:22:32', '2018-08-17 20:22:32', 1, NULL),
(1077, 116, 8, 16, NULL, NULL, '2018-08-17 20:22:32', '2018-08-17 20:22:32', 2, NULL),
(1078, 116, 8, 17, NULL, NULL, '2018-08-17 20:22:32', '2018-08-17 20:22:32', 3, NULL),
(1079, 116, 8, 18, NULL, NULL, '2018-08-17 20:22:32', '2018-08-17 20:22:32', 4, NULL),
(1080, 116, 8, 19, NULL, NULL, '2018-08-17 20:22:32', '2018-08-17 20:22:32', 5, NULL),
(1081, 116, 8, 20, NULL, NULL, '2018-08-17 20:22:32', '2018-08-17 20:22:32', 6, NULL),
(1082, 117, 9, 21, 33, 1, '2018-08-17 20:22:43', '2018-08-17 20:22:53', 1, NULL),
(1083, 117, 9, 22, 37, 1, '2018-08-17 20:22:43', '2018-08-17 20:23:12', 2, NULL),
(1084, 117, 9, 23, 44, 1, '2018-08-17 20:22:43', '2018-08-17 20:23:32', 3, NULL),
(1085, 117, 9, 24, 45, 1, '2018-08-17 20:22:43', '2018-08-17 20:23:41', 4, NULL),
(1086, 117, 9, 25, 50, 1, '2018-08-17 20:22:43', '2018-08-17 20:23:51', 5, NULL),
(1087, 117, 9, 26, 53, 1, '2018-08-17 20:22:43', '2018-08-17 20:24:24', 6, NULL),
(1088, 117, 9, 27, 59, 1, '2018-08-17 20:22:43', '2018-08-17 20:24:39', 7, NULL),
(1089, 117, 9, 28, 63, 1, '2018-08-17 20:22:43', '2018-08-17 20:25:04', 8, NULL),
(1090, 117, 9, 29, 65, 1, '2018-08-17 20:22:43', '2018-08-17 20:25:19', 9, NULL),
(1091, 117, 9, 30, 69, 1, '2018-08-17 20:22:43', '2018-08-17 20:25:39', 10, NULL),
(1092, 117, 9, 31, 73, 1, '2018-08-17 20:22:43', '2018-08-17 20:25:58', 11, NULL),
(1093, 117, 9, 32, 77, 1, '2018-08-17 20:22:43', '2018-08-17 20:28:38', 12, NULL),
(1094, 117, 9, 33, 81, 1, '2018-08-17 20:22:43', '2018-08-17 20:28:53', 13, NULL),
(1095, 117, 9, 34, 85, 1, '2018-08-17 20:22:43', '2018-08-17 20:29:13', 14, NULL),
(1096, 117, 9, 35, 89, 1, '2018-08-17 20:22:43', '2018-08-17 20:29:43', 15, NULL),
(1097, 117, 9, 36, 93, 1, '2018-08-17 20:22:43', '2018-08-17 20:32:11', 16, NULL),
(1098, 117, 9, 37, 97, 1, '2018-08-17 20:22:43', '2018-08-17 20:32:29', 17, NULL),
(1099, 117, 9, 38, 101, 1, '2018-08-17 20:22:43', '2018-08-17 20:33:52', 18, NULL),
(1100, 117, 9, 39, 105, 1, '2018-08-17 20:22:43', '2018-08-17 20:34:05', 19, NULL),
(1101, 117, 9, 40, 109, 1, '2018-08-17 20:22:43', '2018-08-17 20:40:08', 20, NULL),
(1102, 117, 9, 41, 113, 1, '2018-08-17 20:22:43', '2018-08-17 20:42:51', 21, NULL),
(1103, 117, 9, 42, 117, 1, '2018-08-17 20:22:43', '2018-08-17 20:55:04', 22, NULL),
(1104, 117, 9, 43, 122, 1, '2018-08-17 20:22:43', '2018-08-17 21:45:09', 23, NULL),
(1105, 117, 9, 44, 126, 1, '2018-08-17 20:22:43', '2018-08-17 21:47:28', 24, NULL),
(1106, 117, 9, 45, 129, 1, '2018-08-17 20:22:43', '2018-08-17 21:48:00', 25, NULL),
(1107, 117, 9, 46, 133, 1, '2018-08-17 20:22:43', '2018-08-17 21:54:02', 26, NULL),
(1108, 117, 9, 47, 138, 1, '2018-08-17 20:22:43', '2018-08-17 22:00:27', 27, NULL),
(1109, 117, 9, 48, 141, 1, '2018-08-17 20:22:43', '2018-08-17 22:05:38', 28, NULL),
(1110, 117, 9, 49, NULL, NULL, '2018-08-17 20:22:43', '2018-08-17 20:22:43', 29, NULL),
(1111, 117, 9, 50, NULL, NULL, '2018-08-17 20:22:43', '2018-08-17 20:22:43', 30, NULL),
(1112, 117, 9, 51, NULL, NULL, '2018-08-17 20:22:43', '2018-08-17 20:22:43', 31, NULL),
(1113, 117, 9, 52, NULL, NULL, '2018-08-17 20:22:43', '2018-08-17 20:22:43', 32, NULL),
(1114, 117, 9, 53, NULL, NULL, '2018-08-17 20:22:43', '2018-08-17 20:22:43', 33, NULL),
(1115, 117, 9, 54, NULL, NULL, '2018-08-17 20:22:43', '2018-08-17 20:22:43', 34, NULL),
(1116, 117, 9, 55, NULL, NULL, '2018-08-17 20:22:43', '2018-08-17 20:22:43', 35, NULL),
(1117, 117, 9, 56, NULL, NULL, '2018-08-17 20:22:43', '2018-08-17 20:22:43', 36, NULL),
(1118, 117, 9, 57, NULL, NULL, '2018-08-17 20:22:43', '2018-08-17 20:22:43', 37, NULL),
(1119, 117, 9, 58, NULL, NULL, '2018-08-17 20:22:43', '2018-08-17 20:22:43', 38, NULL),
(1120, 117, 9, 59, NULL, NULL, '2018-08-17 20:22:43', '2018-08-17 20:22:43', 39, NULL),
(1121, 117, 9, 60, NULL, NULL, '2018-08-17 20:22:43', '2018-08-17 20:22:43', 40, NULL),
(1122, 117, 9, 61, NULL, NULL, '2018-08-17 20:22:43', '2018-08-17 20:22:43', 41, NULL),
(1123, 117, 9, 62, NULL, NULL, '2018-08-17 20:22:43', '2018-08-17 20:22:43', 42, NULL),
(1124, 117, 9, 63, NULL, NULL, '2018-08-17 20:22:43', '2018-08-17 20:22:43', 43, NULL),
(1125, 117, 9, 64, NULL, NULL, '2018-08-17 20:22:43', '2018-08-17 20:22:43', 44, NULL),
(1126, 117, 9, 65, NULL, NULL, '2018-08-17 20:22:43', '2018-08-17 20:22:43', 45, NULL),
(1127, 117, 9, 66, NULL, NULL, '2018-08-17 20:22:43', '2018-08-17 20:22:43', 46, NULL),
(1128, 117, 9, 67, NULL, NULL, '2018-08-17 20:22:43', '2018-08-17 20:22:43', 47, NULL),
(1129, 117, 9, 68, NULL, NULL, '2018-08-17 20:22:43', '2018-08-17 20:22:43', 48, NULL),
(1130, 117, 9, 69, NULL, NULL, '2018-08-17 20:22:43', '2018-08-17 20:22:43', 49, NULL),
(1131, 117, 9, 70, NULL, NULL, '2018-08-17 20:22:43', '2018-08-17 20:22:43', 50, NULL);

-- --------------------------------------------------------

--
-- Table structure for table `users`
--

CREATE TABLE `users` (
  `id` int(10) UNSIGNED NOT NULL,
  `name` varchar(255) COLLATE utf8_unicode_ci NOT NULL,
  `email` varchar(255) COLLATE utf8_unicode_ci NOT NULL,
  `password` varchar(255) COLLATE utf8_unicode_ci NOT NULL,
  `remember_token` varchar(100) COLLATE utf8_unicode_ci DEFAULT NULL,
  `rolId` int(11) NOT NULL,
  `created_at` timestamp NULL DEFAULT NULL,
  `updated_at` timestamp NULL DEFAULT NULL,
  `Activo` tinyint(1) NOT NULL DEFAULT '1',
  `nopassword` varchar(255) COLLATE utf8_unicode_ci DEFAULT NULL
) ENGINE=InnoDB DEFAULT CHARSET=utf8 COLLATE=utf8_unicode_ci;

--
-- Dumping data for table `users`
--

INSERT INTO `users` (`id`, `name`, `email`, `password`, `remember_token`, `rolId`, `created_at`, `updated_at`, `Activo`, `nopassword`) VALUES
(1, 'Eduardo Amparo Santana Severino', 'eduardo_amparo@hotmail.com', '$2y$10$Vboj1u/zu6uoEYjscMX8k.IdsPwozUIN1sIRyuaOs.cwcHAXMtp4W', 'O6Ddj3rRsGlR0m2aNfAhqN3D8MYn8ASEbskpeHfXi7OZCEt6ba4DWlLHX8Mm', 1, '2017-04-07 23:01:49', '2017-05-22 02:42:35', 1, '1234567890'),
(6, 'Eduardo  2 Amparo Normal', 'eduardoamparos@gmail.com', '$2y$10$epH9ccaCjWEnUfi8YcB1GeTrC5FDMpMPSHcp.qNqSjWWdQBPCfB7C', '5shAo7K9ItACpiuNvqbZuEfcDXqJLLiegiVqG6usRUxrEv2kUjs9iFukY4rg', 3, '2017-04-22 11:17:00', '2017-11-30 02:28:49', 1, '1234567890'),
(14, 'Amaury Esteban Nunez Santos', 'amaurynunez@gmail.com', '$2y$10$Yv0ROa.9MoVdSorp8.F0U.MBPRzYpw.U5ma/60PbaT08w5wSnV.i.', '0kz8FebKNFqh5PuurZQu6pviyqufveErxqnI9kUc6OM0LPICcXSf2brRBEmK', 0, '2017-05-03 04:42:36', '2018-07-16 14:22:13', 1, '1234567890'),
(15, 'Max Luzon', 'maxluzon@gmail.com', '$2y$10$.JnzVjgOCg2OnM0Ggil6qufajCf5xmq8r0w85eMhCmsZuxR4OrDVC', '0wkSIp1uJyrmPZx0PandxAvrZCA0A9E00ce1yJbgwtocTkFHpGdNpAS22zFh', 0, '2017-05-07 23:06:42', '2017-05-07 23:17:30', 1, '123456789'),
(16, 'Edward Vinas Rosa', 'edwardvinas7@gmail.com', '$2y$10$weM5hUAJuS7EEJ/SV5zJaOf81Wh2MOnjouMytzqJo975Mx9Oy0GSS', 'awCrq04T4PInQpZByLCCGJfDtMnSdWTtCGe16XVoOMr6tvNPJpgnPhz8j22p', 0, '2017-05-22 03:54:47', '2017-08-29 20:00:56', 1, 'edwardvinas7'),
(17, 'Elias Jimenez', 'elias-j-r@hotmail.com', '$2y$10$djPpH5VCJI484YKyYbZ6PuESlqBpNUOYKo3Zy0ArfMQfhlKahnRDq', 'GXNTJ4mkrdf907x2EfCUr6SGL8HtRpiEnCwiXSieaWogsbvNhuytWf657kQj', 0, '2017-05-24 05:01:26', '2017-05-24 05:03:47', 1, 'elias21'),
(18, 'Leonel Feliz', 'Inglfeliz@gmail.com', '$2y$10$pi317UyZNgpJ8fbF3z2bR.mx9C.zHMXWkbhpZFgq.azsa8QHM9.i.', '9KYlgYggGV94FzkE0Gms24X27qi16bfuBUUHIxURxuWsVzMQv7U5c4OwJsx5', 0, '2017-05-30 17:21:04', '2017-05-30 19:35:55', 1, '12345678'),
(19, 'Cesar Delgado Diaz', 'Cesar.delgado.diaz@gmail.com', '$2y$10$f6NRAW5Evhz5.xuUE7530eOwyG2ykt9d/35fR1wKgTnmlCvs6rK0m', 'kGcNGX8PvuIf4foY5sqmyu7enjdgniA0TBTNesEInTgtYy9K2gOBw29VGW9H', 0, '2017-06-09 02:22:53', '2017-06-14 05:49:59', 1, 'cesar1234'),
(20, 'Danny Hilario Suarez', 'Dannyhilariosuarez@gmail.com', '$2y$10$6VdT97HNZn1Dl6Uwp2EqiOm3jgTwq2AE6.5uAyWVniUPkVqcY30Cm', 'H6Ho55eExNNCi2piL2RSsEWpamuifpI4Y2tTOcTBfkW8ZnyOP06rB9uSosIJ', 0, '2017-06-09 04:34:08', '2017-06-09 21:58:16', 1, 'danny1234'),
(21, 'Norman Carrasco', 'norman.carrasco@hotmail.com', '$2y$10$rNknwRuVNdroYrJfRaHJ/O159KNEiJyt9R6qLeiKMZXYqMji57xDu', 'I28ET2flVWijvwS4mCCNHbEV6kmRaHvjF1Q7tpanYokrYdKp3MSGdvPflh95', 0, '2017-06-09 04:41:31', '2017-06-09 04:48:50', 1, 'norman1234'),
(22, 'Isargenys ', 'Isargenys@gmail.com', '$2y$10$QqpBisFEK1EJFbA.lPPqou513YRp05a.M/FGJBnW7CrOSA4yBAEka', 'eQ7mcpOBtPtLoutLrcCxJHMxq1e3RzUYHbvKQR4lnmyUuM0uWt3sgzMlDvID', 0, '2017-06-10 05:32:41', '2017-06-10 05:56:55', 1, 'isa1234'),
(23, 'Alicia Acevedo ', 'Acevedo.alicris@gmail.com', '$2y$10$bjFkw1JqkDWCNiJlbGb59O2jx1KX9kXa1pGdRQeGvhDDNwRCUJLhO', 'FCrXHptrXw1y894ltvdJzRBxow4DMTqgOKtlxpviYyXrtZKsclTw3f0TwIZh', 0, '2017-07-05 17:03:43', '2017-08-06 17:01:19', 1, '123'),
(24, 'Manuel Vanderhost', 'tavlita@gmail.com', '$2y$10$M4u3IeqXur22g4.l76qEzeCcTUDQlRDAEL9X7QCkDTnDl6705zVMK', NULL, 0, '2017-08-27 04:25:51', '2017-09-19 15:24:53', 1, '123456789'),
(25, 'Jose Manzanillo ', 'joframare@gmail.com', '$2y$10$SABUBhEjMuR./lnJcNWvfuEl23.T8.XltGOLYsL1ud4/osntAN9BK', 'XA5ShkVvy8tN71dmGwn3SWYv8vqGySdGuJMyUxVrPcqgFYQ0RHenazmiw1nN', 0, '2017-10-08 17:05:49', '2017-10-08 20:05:20', 1, '123456789'),
(26, 'Amaury Gomez', 'amaurygomez1993@gmail.com', '$2y$10$boZh2w.PFNOHgTpe1jSbEur0mR1p5xvnLqId5kiUQPPOL0Jt61bNu', 'hLF81HR9F4j6lx4VZVrRy1gYF8EuhcJsPZI6LdVvjGmd2eHQt0DCUQDrXsw2', 0, '2017-11-03 00:01:29', '2017-11-03 14:40:01', 1, '123456789'),
(27, 'Jose Osmil Ruiz Dionicio', 'Joseosmilruiz@gmail.com', '$2y$10$nhQ6qBKGfEyzbAt4DNdcXuAMHo5ZjZHOpTo.Q1msFsIfEPAlscVlq', 'UUKzSFS77dcGMcZzSatDcfCDZ2fEXBmDIqIW5lqqLBCYcQ0m0NHcdIOmzxLT', 0, '2018-05-08 18:37:09', '2018-05-08 19:10:02', 1, '123456789'),
(28, 'Josias Riveron', 'josiasriveron@gmail.com', '$2y$10$lXbytfBL.Tzj0.D9oxiB6eV5nGLwoEy88jka8TUh.A226E0MaDM26', 'nirkUedx3OneMvcG6d065XklYIujoHJOGJLDuZCm6IsO4CZIaTPcSyHMYa6M', 0, '2018-06-29 20:00:51', '2018-06-29 20:04:05', 1, '123456789');

--
-- Indexes for dumped tables
--

--
-- Indexes for table `examenes`
--
ALTER TABLE `examenes`
  ADD PRIMARY KEY (`id`);

--
-- Indexes for table `opciones`
--
ALTER TABLE `opciones`
  ADD PRIMARY KEY (`id`);

--
-- Indexes for table `password_resets`
--
ALTER TABLE `password_resets`
  ADD KEY `password_resets_email_index` (`email`),
  ADD KEY `password_resets_token_index` (`token`);

--
-- Indexes for table `permisos`
--
ALTER TABLE `permisos`
  ADD PRIMARY KEY (`id`);

--
-- Indexes for table `permissions`
--
ALTER TABLE `permissions`
  ADD PRIMARY KEY (`id`),
  ADD UNIQUE KEY `permissions_name_unique` (`name`);

--
-- Indexes for table `permission_role`
--
ALTER TABLE `permission_role`
  ADD PRIMARY KEY (`permission_id`,`role_id`),
  ADD KEY `permission_role_role_id_foreign` (`role_id`);

--
-- Indexes for table `preguntas`
--
ALTER TABLE `preguntas`
  ADD PRIMARY KEY (`id`);

--
-- Indexes for table `roles`
--
ALTER TABLE `roles`
  ADD PRIMARY KEY (`id`),
  ADD UNIQUE KEY `roles_name_unique` (`name`);

--
-- Indexes for table `role_user`
--
ALTER TABLE `role_user`
  ADD PRIMARY KEY (`user_id`,`role_id`),
  ADD KEY `role_user_role_id_foreign` (`role_id`);

--
-- Indexes for table `tomarexamen`
--
ALTER TABLE `tomarexamen`
  ADD PRIMARY KEY (`id`);

--
-- Indexes for table `tomarexamendetalles`
--
ALTER TABLE `tomarexamendetalles`
  ADD PRIMARY KEY (`id`);

--
-- Indexes for table `users`
--
ALTER TABLE `users`
  ADD PRIMARY KEY (`id`),
  ADD UNIQUE KEY `users_email_unique` (`email`);

--
-- AUTO_INCREMENT for dumped tables
--

--
-- AUTO_INCREMENT for table `examenes`
--
ALTER TABLE `examenes`
  MODIFY `id` int(10) UNSIGNED NOT NULL AUTO_INCREMENT, AUTO_INCREMENT=11;

--
-- AUTO_INCREMENT for table `opciones`
--
ALTER TABLE `opciones`
  MODIFY `id` int(10) UNSIGNED NOT NULL AUTO_INCREMENT, AUTO_INCREMENT=273;

--
-- AUTO_INCREMENT for table `permisos`
--
ALTER TABLE `permisos`
  MODIFY `id` int(10) UNSIGNED NOT NULL AUTO_INCREMENT, AUTO_INCREMENT=42;

--
-- AUTO_INCREMENT for table `permissions`
--
ALTER TABLE `permissions`
  MODIFY `id` int(10) UNSIGNED NOT NULL AUTO_INCREMENT, AUTO_INCREMENT=10;

--
-- AUTO_INCREMENT for table `preguntas`
--
ALTER TABLE `preguntas`
  MODIFY `id` int(10) UNSIGNED NOT NULL AUTO_INCREMENT, AUTO_INCREMENT=83;

--
-- AUTO_INCREMENT for table `roles`
--
ALTER TABLE `roles`
  MODIFY `id` int(10) UNSIGNED NOT NULL AUTO_INCREMENT, AUTO_INCREMENT=6;

--
-- AUTO_INCREMENT for table `tomarexamen`
--
ALTER TABLE `tomarexamen`
  MODIFY `id` int(10) UNSIGNED NOT NULL AUTO_INCREMENT, AUTO_INCREMENT=118;

--
-- AUTO_INCREMENT for table `tomarexamendetalles`
--
ALTER TABLE `tomarexamendetalles`
  MODIFY `id` int(10) UNSIGNED NOT NULL AUTO_INCREMENT, AUTO_INCREMENT=1132;

--
-- AUTO_INCREMENT for table `users`
--
ALTER TABLE `users`
  MODIFY `id` int(10) UNSIGNED NOT NULL AUTO_INCREMENT, AUTO_INCREMENT=29;

--
-- Constraints for dumped tables
--

--
-- Constraints for table `permission_role`
--
ALTER TABLE `permission_role`
  ADD CONSTRAINT `permission_role_permission_id_foreign` FOREIGN KEY (`permission_id`) REFERENCES `permissions` (`id`) ON DELETE CASCADE ON UPDATE CASCADE,
  ADD CONSTRAINT `permission_role_role_id_foreign` FOREIGN KEY (`role_id`) REFERENCES `roles` (`id`) ON DELETE CASCADE ON UPDATE CASCADE;

--
-- Constraints for table `role_user`
--
ALTER TABLE `role_user`
  ADD CONSTRAINT `role_user_role_id_foreign` FOREIGN KEY (`role_id`) REFERENCES `roles` (`id`) ON DELETE CASCADE ON UPDATE CASCADE,
  ADD CONSTRAINT `role_user_user_id_foreign` FOREIGN KEY (`user_id`) REFERENCES `users` (`id`) ON DELETE CASCADE ON UPDATE CASCADE;
COMMIT;

/*!40101 SET CHARACTER_SET_CLIENT=@OLD_CHARACTER_SET_CLIENT */;
/*!40101 SET CHARACTER_SET_RESULTS=@OLD_CHARACTER_SET_RESULTS */;
/*!40101 SET COLLATION_CONNECTION=@OLD_COLLATION_CONNECTION */;
